,entry,KEGG,formula,PubChem
0,1.1.1.1,C00071,CHOR,3371
2,1.1.1.1,C00226,CH3OR,3526
3,1.1.1.1,C01450,COR2,4627
4,1.1.1.1,C01612,CH2OR2,4764
5,1.1.1.110,C03964,C9H10O4,6685
7,1.1.1.110,C00331,C11H9NO3,3625
8,1.1.1.110,C01179,C9H8O4,4406
10,1.1.1.110,C22006,C11H11NO3,
11,1.1.1.110,C05607,C9H10O3,7930
16,1.1.1.153,C02953,C9H13N5O3,5871
14,1.1.1.153,C00835,C9H11N5O3,4093
12,1.1.1.153,C03684,C9H11N5O3,6459
17,1.1.1.153,C00272,C9H15N5O3,3570
18,1.1.1.187,C02977,C16H25N5O15P2,5888
19,1.1.1.187,C03117,C16H25N5O15P2,6011
20,1.1.1.187,C01222,C16H23N5O15P2,4444
23,1.1.1.203,C20890,C6H8O7,254741353
22,1.1.1.203,C20889,C6H8O7,254741352
6,1.1.1.237,C03964,C9H10O4,6685
9,1.1.1.237,C01179,C9H8O4,4406
24,1.1.1.237,C04045,C9H8O5,6746
25,1.1.1.237,C22038,C9H10O5,
33,1.1.1.276,C06735,C2H5NO,8957
26,1.1.1.276,C11822,C3H5NO3,13986
28,1.1.1.276,C00065,C3H7NO3,3365
36,1.1.1.282,C00296,C7H12O6,3590
37,1.1.1.282,C02637,C7H8O5,5617
38,1.1.1.282,C00944,C7H10O6,4196
35,1.1.1.282,C00493,C7H10O5,3776
39,1.1.1.286,C00026,C5H6O5,3328
58,1.1.1.286,C05662,C7H10O7,7972
60,1.1.1.286,C00311,C6H8O7,3605
57,1.1.1.286,C00322,C6H8O5,3616
64,1.1.1.287,C00309,C5H10O5,3603
63,1.1.1.287,C01904,C5H12O5,5013
65,1.1.1.287,C00310,C5H10O5,3604
69,1.1.1.297,C11937,C10H16O2,14098
66,1.1.1.297,C19082,C10H18O2,124489754
70,1.1.1.297,C18020,C10H18O2,96024240
71,1.1.1.297,C07276,C10H18O2,9485
67,1.1.1.297,C18019,C10H16O2,96024239
72,1.1.1.324,C17622,C10H14O2,96023966
73,1.1.1.324,C20223,C10H16O2,163311966
74,1.1.1.324,C17621,C10H18O2,96023965
75,1.1.1.324,C20222,C10H16O2,163311965
13,1.1.1.325,C03684,C9H11N5O3,6459
15,1.1.1.325,C00835,C9H11N5O3,4093
76,1.1.1.325,C20264,C9H15N5O3,163312004
77,1.1.1.325,C20263,C9H13N5O3,163312003
78,1.1.1.352,C20502,C20H18O8,172232251
79,1.1.1.352,C20500,C20H20O8,172232249
81,1.1.1.352,C20501,C20H20O8,172232250
83,1.1.1.353,C20504,C20H18O8,172232253
88,1.1.1.353,C20507,C18H14O8,172232256
90,1.1.1.353,C20503,C20H16O8,172232252
91,1.1.1.353,C20506,C20H18O9,172232255
86,1.1.1.353,C20508,C18H16O8,172232257
84,1.1.1.353,C20505,C20H16O9,172232254
93,1.1.1.360,C00124,C6H12O6,3424
94,1.1.1.360,C00198,C6H10O6,3498
95,1.1.1.360,C00031,C6H12O6,3333
101,1.1.1.360,C02669,C6H10O6,5640
102,1.1.1.372,C02426,C3H6O3,5454
103,1.1.1.372,C00577,C3H6O3,3856
105,1.1.1.372,C00116,C3H8O3,3416
107,1.1.1.38,C00036,C4H4O5,3338
111,1.1.1.38,C00149,C4H6O5,3449
114,1.1.1.38,C00022,C3H4O3,3324
138,1.1.1.381,C01888,C3H7NO,5001
135,1.1.1.381,C03508,C4H7NO3,6318
136,1.1.1.381,C05519,C4H9NO3,7864
29,1.1.1.387,C00065,C3H7NO3,3365
27,1.1.1.387,C11822,C3H5NO3,13986
34,1.1.1.387,C06735,C2H5NO,8957
139,1.1.1.394,C21140,C25H33NO2,313046620
143,1.1.1.396,C18154,C35H36MgN4O6,96024371
146,1.1.1.396,C18155,C35H36MgN4O6,96024372
140,1.1.1.396,C18153,C35H38MgN4O6,96024370
148,1.1.1.398,C21374,C15H25N3O7S,319902604
115,1.1.1.40,C00022,C3H4O3,3324
108,1.1.1.40,C00036,C4H4O5,3338
112,1.1.1.40,C00149,C4H6O5,3449
149,1.1.1.408,C21585,C4H9O8P,340650277
150,1.1.1.408,C21610,C4H7O8P,340125668
153,1.1.1.408,C00111,C3H7O6P,3411
154,1.1.1.409,C00111,C3H7O6P,3411
156,1.1.1.409,C03393,C4H9O8P,6224
40,1.1.1.42,C00026,C5H6O5,3328
157,1.1.1.42,C05379,C6H6O7,7753
61,1.1.1.42,C00311,C6H8O7,3605
158,1.1.1.85,C04411,C7H12O5,7045
160,1.1.1.85,C04236,C7H10O5,6905
161,1.1.1.85,C00233,C6H10O3,3532
162,1.1.3.17,C00576,C5H12NO,3855
163,1.1.3.17,C00719,C5H11NO2,3985
166,1.1.3.17,C00114,C5H14NO,3414
169,1.1.3.28,C01993,C10H10N4O5,5090
170,1.1.3.28,C11631,C10H10N4O6,13796
168,1.1.3.28,C00294,C10H12N4O5,3588
172,1.1.3.39,C00212,C10H13N5O4,3512
171,1.1.3.39,C11500,C10H11N5O4,13670
173,1.1.3.39,C11501,C10H11N5O5,13671
179,1.1.3.47,C11101,C6H6O3,13283
178,1.1.3.47,C20450,C6H4O5,163312187
177,1.1.3.47,C20901,C6H6O5,254741364
176,1.1.3.47,C20449,C6H4O4,163312186
175,1.1.3.47,C20900,C6H6O4,254741363
174,1.1.3.47,C20899,C6H4O3,254741362
185,1.1.3.8,C01040,C6H10O6,4282
181,1.1.3.8,C00072,C6H8O6,3372
180,1.1.3.8,C03289,C6H8O6,6146
187,1.1.99.29,C15594,,17396586
186,1.1.99.29,C15592,,17396584
190,1.1.99.41,C21683,C21H24N2O3,350078260
188,1.1.99.41,C21678,C22H26N2O4,350078255
193,1.1.99.41,C21682,C21H26N2O3,350078259
192,1.1.99.41,C04578,C22H28N2O4,7179
194,1.10.3.16,C21410,C14H10N2O4,328082953
195,1.10.3.16,C21411,C13H12N2O2,328082954
196,1.10.3.16,C21412,C13H10N2O2,328082955
197,1.10.3.16,C21413,C13H12N2O2,328082956
199,1.10.3.16,C21409,C14H12N2O4,328082952
198,1.10.3.16,C21408,C14H14N2O4,328082951
203,1.11.1.11,C01041,C6H7O6,4283
200,1.11.1.11,C05422,C6H6O6,7786
182,1.11.1.11,C00072,C6H8O6,3372
207,1.11.1.14,C21420,C9H12O3,328082963
208,1.11.1.14,C21421,C9H11O3,328082964
209,1.11.1.14,C00266,C2H4O2,3564
211,1.11.1.14,C21419,C18H22O6,328082962
205,1.11.1.14,C01502,C7H8O2,4671
204,1.11.1.14,C02201,C9H10O3,5269
213,1.11.1.16,C21422,C17H20O6,328082965
210,1.11.1.16,C00266,C2H4O2,3564
212,1.11.1.16,C00755,C8H8O3,4017
206,1.11.1.16,C01502,C7H8O2,4671
221,1.11.1.8,C16734,C4H4N2O2R2,96023258
220,1.11.1.8,C16733,C10H10N2O3R2,96023257
218,1.11.1.8,C16730,C16H11I3N2O4R2,96023254
216,1.11.1.8,C00708,I,3975
215,1.11.1.8,C16729,C16H10I4N2O4R2,96023253
214,1.11.1.8,C16732,C10H9IN2O3R2,96023256
219,1.11.1.8,C16731,C10H8I2N2O3R2,96023255
224,1.13.11.12,C06427,C18H30O2,8662
222,1.13.11.12,C01595,C18H32O2,4750
226,1.13.11.16,C12624,C9H8O6,583014
232,1.13.11.16,C04479,C9H10O6,7099
234,1.13.11.16,C04044,C9H10O4,6745
228,1.13.11.16,C12623,C9H8O4,583013
245,1.13.11.18,C21787,C10H17N3O8S2,354339130
237,1.13.11.18,C17267,C10H17N3O6S2,96023674
238,1.13.11.18,C00094,H2SO3,3394
240,1.13.11.18,C00051,C10H17N3O6S,3353
246,1.13.11.34,C00219,C20H32O2,3519
248,1.13.11.34,C05356,C20H32O4,7733
249,1.13.11.34,C00909,C20H30O3,4164
250,1.13.11.51,C13433,C40H56O4,586175
251,1.13.11.51,C13431,C40H56O4,586173
252,1.13.11.51,C19811,C29H39O2R,135626278
254,1.13.11.51,C13453,C15H22O3,586193
255,1.13.11.51,C19812,C14H17OR,135626279
253,1.13.11.51,C14045,C25H34O3,854283
264,1.13.11.52,C15605,C11H12N2O4,17396597
256,1.13.11.52,C00525,C11H12N2O2,3808
259,1.13.11.52,C00078,C11H12N2O2,3378
258,1.13.11.52,C02700,C11H12N2O4,5664
268,1.13.11.64,C00088,HNO2,3388
267,1.13.11.64,C19789,C7H5NO5,135626256
266,1.13.11.64,C20366,C7H4O5,163312104
265,1.13.11.64,C20367,C7H5NO7,163312105
272,1.13.11.77,C00712,C18H34O2,3978
225,1.13.11.77,C06427,C18H30O2,8662
223,1.13.11.77,C01595,C18H32O2,4750
275,1.13.11.77,C20704,C18H30O4,254741173
274,1.13.11.77,C20703,C18H32O4,254741172
271,1.13.11.77,C20702,C18H34O4,254741171
283,1.13.11.84,C19730,C20H24O2,135626197
282,1.13.11.84,C20894,C30H40O2,254741357
276,1.13.11.84,C19731,C10H16O2,135626198
277,1.13.11.84,C06098,C40H56O2,8363
285,1.13.12.24,C00076,Ca,3376
284,1.13.12.24,C15037,C26H21N3O3,17396034
286,1.13.12.5,C00982,C26H21N3O2,4230
302,1.14.11.21,C06658,C8H14N2O4,8883
288,1.14.11.21,C00042,C4H6O4,3344
287,1.14.11.21,C06660,C8H10N2O4,8885
41,1.14.11.21,C00026,C5H6O5,3328
303,1.14.11.21,C06656,C9H16N4O3,8881
300,1.14.11.21,C06659,C8H12N2O4,8884
301,1.14.11.21,C06657,C9H16N4O4,8882
289,1.14.11.25,C00042,C4H6O4,3344
42,1.14.11.25,C00026,C5H6O5,3328
306,1.14.11.25,C15502,C12H20N2O8,17396494
305,1.14.11.25,C15501,C12H20N2O9,17396493
304,1.14.11.25,C15500,C12H20N2O8,17396492
307,1.14.11.25,C15485,C12H20N2O7,17396479
290,1.14.11.27,C00042,C4H6O4,3344
43,1.14.11.27,C00026,C5H6O5,3328
313,1.14.11.27,C05545,C9H17N3O2R2,7881
308,1.14.11.27,C05544,C8H15N3O2R2,7880
309,1.14.11.27,C00067,CH2O,3367
316,1.14.11.36,C20397,C15H18O5,163312135
315,1.14.11.36,C20399,C15H20O4,163312137
291,1.14.11.36,C00042,C4H6O4,3344
44,1.14.11.36,C00026,C5H6O5,3328
314,1.14.11.36,C20398,C15H18O4,163312136
321,1.14.11.43,C03359,C7H7ClO,6197
318,1.14.11.43,C02625,C6H4Cl2O,5607
292,1.14.11.43,C00042,C4H6O4,3344
317,1.14.11.43,C20686,C10H11ClO3,172232406
116,1.14.11.43,C00022,C3H4O3,3324
320,1.14.11.43,C20687,C9H8Cl2O3,172232407
45,1.14.11.43,C00026,C5H6O5,3328
322,1.14.11.44,C03359,C7H7ClO,6197
117,1.14.11.44,C00022,C3H4O3,3324
323,1.14.11.44,C20685,C9H8Cl2O3,172232405
324,1.14.11.44,C18608,C10H11ClO3,124489282
319,1.14.11.44,C02625,C6H4Cl2O,5607
293,1.14.11.44,C00042,C4H6O4,3344
46,1.14.11.44,C00026,C5H6O5,3328
229,1.14.12.19,C12623,C9H8O4,583013
328,1.14.12.19,C11588,C9H12O4,13753
325,1.14.12.19,C00423,C9H8O2,3713
330,1.14.13.105,C11414,C10H16O2,13588
68,1.14.13.105,C18019,C10H16O2,96024239
332,1.14.13.105,C18027,C10H18O2,96024247
333,1.14.13.105,C00843,C10H18O,4100
336,1.14.13.106,C17955,C15H24O,96024176
335,1.14.13.106,C17953,C15H24O,96024174
338,1.14.13.106,C16269,C15H24,47205577
337,1.14.13.106,C17954,C15H22O,96024175
340,1.14.13.122,C02139,C35H34MgN4O5,5218
339,1.14.13.122,C16541,C35H32MgN4O6,51090870
235,1.14.13.127,C04044,C9H10O4,6745
345,1.14.13.127,C11457,C9H10O3,13628
344,1.14.13.127,C12621,C9H8O3,583011
230,1.14.13.127,C12623,C9H8O4,583013
349,1.14.13.178,C16357,C6H6N4O2,47205665
346,1.14.13.178,C07480,C7H8N4O2,9683
354,1.14.13.178,C13747,C7H8N4O2,586336
351,1.14.13.178,C07130,C7H8N4O2,9340
352,1.14.13.178,C07481,C8H10N4O2,9684
356,1.14.13.178,C16353,C6H6N4O2,47205661
310,1.14.13.178,C00067,CH2O,3367
347,1.14.13.179,C07480,C7H8N4O2,9683
350,1.14.13.179,C16357,C6H6N4O2,47205665
357,1.14.13.179,C16353,C6H6N4O2,47205661
311,1.14.13.179,C00067,CH2O,3367
359,1.14.13.179,C00385,C5H4N4O2,3675
360,1.14.13.181,C12430,C27H31NO10,582820
361,1.14.13.181,C01907,C27H29NO10,5016
362,1.14.13.181,C12429,C27H31NO9,582819
363,1.14.13.187,C20766,C18H31N3O14P2,254741234
365,1.14.13.187,C20765,C18H31N3O13P2,254741233
364,1.14.13.187,C20767,C18H29N3O14P2,254741235
366,1.14.13.222,C21330,C25H33NO2,319075054
367,1.14.13.222,C21331,C25H33NO3,319075055
368,1.14.13.222,C21141,C25H33NO3,313046621
369,1.14.13.224,C21134,C21H15N3O3,313046614
370,1.14.13.224,C21131,C21H15N3O2,313046611
371,1.14.13.224,C21132,C21H15N3O3,313046612
372,1.14.13.224,C21135,C21H15N3O4,313046615
376,1.14.13.39,C00062,C6H14N4O2,3362
373,1.14.13.39,C00533,NO,3815
380,1.14.13.39,C00327,C6H13N3O3,3621
382,1.14.13.50,C15505,C6H2Cl4O,17396497
383,1.14.13.50,C03434,C6H2Cl4O2,6261
385,1.14.13.50,C18933,C6Cl4O2,124489605
386,1.14.13.50,C00698,Cl,3966
392,1.14.13.50,C02575,C6HCl5O,5570
409,1.14.13.54,C04676,C19H26O3,7257
404,1.14.13.54,C00280,C19H26O2,3575
403,1.14.13.54,C03027,C21H30O3,5932
402,1.14.13.54,C06479,,8711
408,1.14.13.54,C00410,C21H30O2,3700
400,1.14.13.54,C01176,C21H30O3,4403
394,1.14.13.54,C00033,C2H4O2,3335
393,1.14.13.54,C15507,,17396499
407,1.14.13.54,C15506,,17396498
410,1.14.13.81,C11831,C35H30MgN4O5,13995
412,1.14.13.81,C04536,C35H34MgN4O4,7143
470,1.14.14.107,C11875,C20H30O3,14037
471,1.14.14.107,C03161,,6046
469,1.14.14.107,C06093,C20H28O3,8359
466,1.14.14.107,C11874,C20H30O2,14036
414,1.14.14.107,C03024,,5930
468,1.14.14.107,C11857,C20H28O4,14019
523,1.14.14.111,C20147,C20H32O,135626607
524,1.14.14.111,C20148,C20H30O,135626608
525,1.14.14.111,C20149,C20H30O2,135626609
526,1.14.14.111,C18225,C20H32,103061407
472,1.14.14.111,C03161,,6046
415,1.14.14.111,C03024,,5930
473,1.14.14.114,C03161,,6046
416,1.14.14.114,C03024,,5930
530,1.14.14.114,C20309,C15H22O2,163312047
527,1.14.14.114,C16028,C15H24,47205338
528,1.14.14.114,C20308,C15H22O,163312046
529,1.14.14.114,C20307,C15H24O,163312045
535,1.14.14.115,C02283,C30H46O4,5340
531,1.14.14.115,C20510,C30H48O3,172232259
532,1.14.14.115,C20511,C30H46O3,172232260
417,1.14.14.115,C03024,,5930
533,1.14.14.115,C19943,C30H48O2,135626409
474,1.14.14.115,C03161,,6046
475,1.14.14.116,C03161,,6046
536,1.14.14.116,C20499,C20H20O7,172232248
80,1.14.14.116,C20500,C20H20O8,172232249
82,1.14.14.116,C20501,C20H20O8,172232250
418,1.14.14.116,C03024,,5930
419,1.14.14.117,C03024,,5930
544,1.14.14.117,C03944,C19H16O6,6668
476,1.14.14.117,C03161,,6046
543,1.14.14.117,C06800,C17H12O6,9019
537,1.14.14.117,C03686,C19H14O6,6461
539,1.14.14.117,C00132,CH4O,3432
542,1.14.14.117,C16753,C17H14O6,96023277
546,1.14.14.124,C20852,C19H32O5,254741318
477,1.14.14.124,C03161,,6046
420,1.14.14.124,C03024,,5930
547,1.14.14.124,C20853,C19H30O4,254741319
548,1.14.14.124,C20851,C19H32O4,254741317
552,1.14.14.126,C08616,C30H50O,10809
551,1.14.14.126,C20945,C30H50O2,254741407
550,1.14.14.126,C20946,C30H48O2,254741408
549,1.14.14.126,C17148,C30H48O3,96023600
421,1.14.14.126,C03024,,5930
478,1.14.14.126,C03161,,6046
479,1.14.14.129,C03161,,6046
555,1.14.14.129,C21006,C39H66N7O18P3S,254741464
556,1.14.14.129,C21005,C39H68N7O18P3S,254741463
557,1.14.14.129,C00510,C39H68N7O17P3S,3793
559,1.14.14.129,C02050,C39H66N7O17P3S,5139
422,1.14.14.129,C03024,,5930
423,1.14.14.134,C03024,,5930
562,1.14.14.134,C19733,C30H50O2,135626200
480,1.14.14.134,C03161,,6046
563,1.14.14.134,C19732,C30H50O2,135626199
564,1.14.14.134,C08980,C30H50O3,11172
553,1.14.14.134,C08616,C30H50O,10809
481,1.14.14.135,C03161,,6046
424,1.14.14.135,C03024,,5930
565,1.14.14.135,C15509,C20H20O5,17396501
567,1.14.14.135,C15511,C20H18O5,17396503
568,1.14.14.135,C15510,C20H20O5,17396502
425,1.14.14.14,C03024,,5930
576,1.14.14.14,C05295,C19H26O3,7679
575,1.14.14.14,C05297,C19H24O3,7681
573,1.14.14.14,C00058,CH2O2,3358
572,1.14.14.14,C05290,C19H26O3,7675
577,1.14.14.14,C00535,C19H28O2,3817
570,1.14.14.14,C05294,C19H28O3,7678
405,1.14.14.14,C00280,C19H26O2,3575
482,1.14.14.14,C03161,,6046
571,1.14.14.14,C00468,C18H22O2,3751
426,1.14.14.145,C03024,,5930
578,1.14.14.145,C11882,C20H32O,14044
579,1.14.14.145,C20329,C20H32O2,163312067
580,1.14.14.145,C11887,C20H30O,14049
581,1.14.14.145,C06087,C20H30O2,8353
483,1.14.14.145,C03161,,6046
427,1.14.14.147,C03024,,5930
585,1.14.14.147,C15801,C28H50O3,47205126
583,1.14.14.147,C15800,C28H48O3,47205125
582,1.14.14.147,C15797,C28H48O2,47205122
484,1.14.14.147,C03161,,6046
584,1.14.14.147,C16251,C28H50O2,47205559
586,1.14.14.150,C21922,C15H22O3,376218955
587,1.14.14.150,C09382,C15H20O2,11573
588,1.14.14.150,C19678,C15H22O2,135626146
485,1.14.14.150,C03161,,6046
428,1.14.14.150,C03024,,5930
591,1.14.14.151,C09737,C15H22O,11925
429,1.14.14.151,C03024,,5930
593,1.14.14.151,C12142,C15H24,14289
486,1.14.14.151,C03161,,6046
592,1.14.14.151,C19711,C15H24O,135626179
487,1.14.14.152,C03161,,6046
554,1.14.14.152,C08616,C30H50O,10809
534,1.14.14.152,C19943,C30H48O2,135626409
430,1.14.14.152,C03024,,5930
594,1.14.14.152,C19942,C30H50O2,135626408
574,1.14.14.154,C00058,CH2O2,3358
595,1.14.14.154,C21920,C20H34O,376218953
488,1.14.14.154,C03161,,6046
596,1.14.14.154,C21921,C20H32O,376218954
597,1.14.14.154,C21918,C20H34,376218951
598,1.14.14.154,C21919,C19H30,376218952
431,1.14.14.154,C03024,,5930
601,1.14.14.156,C19716,C11H12N2O3,135626184
432,1.14.14.156,C03024,,5930
489,1.14.14.156,C03161,,6046
600,1.14.14.156,C02937,C10H10N2O,5856
260,1.14.14.156,C00078,C11H12N2O2,3378
599,1.14.14.156,C19717,C11H12N2O4,135626185
602,1.14.14.158,C08590,C40H56O,10783
605,1.14.14.158,C15981,C40H56O,47205294
603,1.14.14.158,C08601,C40H56O2,10794
604,1.14.14.158,C05433,C40H56,7797
490,1.14.14.159,C03161,,6046
606,1.14.14.159,C22010,C20H32O2,
608,1.14.14.159,C22009,C20H32O,
607,1.14.14.159,C22008,C20H32,
433,1.14.14.159,C03024,,5930
611,1.14.14.160,C22013,C15H22O,
610,1.14.14.160,C22011,C15H22O2,
609,1.14.14.160,C22012,C15H24O,
434,1.14.14.160,C03024,,5930
491,1.14.14.160,C03161,,6046
612,1.14.14.160,C19752,C15H24,135626219
492,1.14.14.161,C03161,,6046
435,1.14.14.161,C03024,,5930
613,1.14.14.161,C06070,C10H14O3,8337
614,1.14.14.161,C22014,C10H16O3,
615,1.14.14.161,C20789,C10H14O4,254741256
616,1.14.14.161,C09804,C10H16O2,11992
436,1.14.14.169,C03024,,5930
617,1.14.14.169,C22050,C15H22O4,
618,1.14.14.169,C09440,C15H20O3,11631
493,1.14.14.169,C03161,,6046
619,1.14.14.169,C22049,C15H22O3,
494,1.14.14.170,C03161,,6046
589,1.14.14.170,C19678,C15H22O2,135626146
621,1.14.14.170,C22054,C15H20O2,
620,1.14.14.170,C22051,C15H22O3,
437,1.14.14.170,C03024,,5930
627,1.14.14.21,C20125,C12H8S,135626585
626,1.14.14.21,C21149,C12H8OS,313046629
622,1.14.14.21,C01847,C17H23N4O9P,4964
628,1.14.14.21,C21150,C12H8O2S,313046630
630,1.14.14.29,C15520,C27H46O3,17396512
629,1.14.14.29,C15519,C27H46O2,17396511
495,1.14.14.29,C03161,,6046
438,1.14.14.29,C03024,,5930
631,1.14.14.30,C02787,C4H11N,5738
632,1.14.14.30,C21369,C4H11NO,319902599
623,1.14.14.30,C01847,C17H23N4O9P,4964
496,1.14.14.32,C03161,,6046
439,1.14.14.32,C03024,,5930
633,1.14.14.32,C01227,C19H28O2,4449
634,1.14.14.32,C05138,C21H32O3,7557
406,1.14.14.32,C00280,C19H26O2,3575
395,1.14.14.32,C00033,C2H4O2,3335
401,1.14.14.32,C01176,C21H30O3,4403
642,1.14.14.33,C21396,C8H14N2O6,328082939
624,1.14.14.33,C01847,C17H23N4O9P,4964
635,1.14.14.33,C00048,C2H2O3,3350
641,1.14.14.33,C00284,C10H16N2O8,3579
643,1.14.14.36,C15503,C9H11NO5,17396495
651,1.14.14.36,C03004,C9H11NO4,5913
440,1.14.14.36,C03024,,5930
497,1.14.14.36,C03161,,6046
649,1.14.14.36,C04350,C8H9NO2,6999
644,1.14.14.36,C00082,C9H11NO3,3382
650,1.14.14.37,C04350,C8H9NO2,6999
654,1.14.14.37,C04353,C8H9NO2,7002
653,1.14.14.37,C03766,C8H7NO,6522
498,1.14.14.37,C03161,,6046
441,1.14.14.37,C03024,,5930
652,1.14.14.37,C03742,C8H7NO2,6505
656,1.14.14.38,C00183,C5H11NO2,3483
442,1.14.14.38,C03024,,5930
655,1.14.14.38,C20314,C5H11NO4,163312052
499,1.14.14.38,C03161,,6046
658,1.14.14.38,C03219,C4H9NO,6092
660,1.14.14.38,C20313,C5H11NO3,163312051
662,1.14.14.39,C20310,C6H13NO3,163312048
661,1.14.14.39,C20311,C6H13NO4,163312049
443,1.14.14.39,C03024,,5930
500,1.14.14.39,C03161,,6046
663,1.14.14.39,C00407,C6H13NO2,3697
501,1.14.14.40,C03161,,6046
670,1.14.14.40,C00079,C9H11NO2,3379
444,1.14.14.40,C03024,,5930
669,1.14.14.40,C19715,C9H11NO4,135626183
668,1.14.14.40,C19712,C9H11NO3,135626180
665,1.14.14.40,C19714,C8H9NO,135626182
502,1.14.14.41,C03161,,6046
445,1.14.14.41,C03024,,5930
659,1.14.14.41,C03219,C4H9NO,6092
672,1.14.14.41,C20315,C4H9NO,163312053
673,1.14.14.41,C20312,C5H11NO,163312050
674,1.14.14.41,C02420,C4H7N,5451
675,1.14.14.41,C18796,C5H9NO,124489470
676,1.14.14.41,C21525,C5H9N,336445163
677,1.14.14.41,C19491,C5H11NO,124490163
678,1.14.14.41,C02659,C4H7NO,5632
446,1.14.14.42,C03024,,5930
681,1.14.14.42,C21535,C4H9NOS(CH2)n,336445173
680,1.14.14.42,C21537,C5H11NO4S(CH2)n,336445175
679,1.14.14.42,C21536,C5H11NO3S(CH2)n,336445174
683,1.14.14.42,C21534,C5H11NO2S(CH2)n,336445172
503,1.14.14.42,C03161,,6046
682,1.14.14.43,C21535,C4H9NOS(CH2)n,336445173
684,1.14.14.43,C21538,C4H9NO2S(CH2)n,336445176
685,1.14.14.43,C21539,C14H24N4O7S2(CH2)n,336445177
241,1.14.14.43,C00051,C10H17N3O6S,3353
447,1.14.14.43,C03024,,5930
504,1.14.14.43,C03161,,6046
686,1.14.14.44,C16075,C8H9NO,47205385
687,1.14.14.44,C00561,C8H7NO,3841
688,1.14.14.44,C16074,C8H7N,47205384
505,1.14.14.44,C03161,,6046
448,1.14.14.44,C03024,,5930
666,1.14.14.44,C19714,C8H9NO,135626182
667,1.14.14.45,C19714,C8H9NO,135626182
506,1.14.14.45,C03161,,6046
449,1.14.14.45,C03024,,5930
242,1.14.14.45,C00051,C10H17N3O6S,3353
692,1.14.14.45,C21623,C8H9NO2,340650287
691,1.14.14.45,C17204,C10H10N2O2,96023613
690,1.14.14.45,C21620,C20H25N5O7S,340650284
689,1.14.14.45,C21622,C18H24N4O7S,340650286
694,1.14.14.46,C19845,C7H11O3SR,135626312
693,1.14.14.46,C15596,,17396588
695,1.14.14.46,C20683,C3H4OSR2,172232403
381,1.14.14.47,C00327,C6H13N3O3,3621
377,1.14.14.47,C00062,C6H14N4O2,3362
374,1.14.14.47,C00533,NO,3815
696,1.14.14.47,C05933,C6H14N4O3,8221
450,1.14.14.49,C03024,,5930
507,1.14.14.49,C03161,,6046
699,1.14.14.49,C21697,C14H18NO6R,350078274
698,1.14.14.49,C21699,C14H18NO5R,350078276
697,1.14.14.49,C21696,C14H20NO5R,350078273
189,1.14.14.50,C21678,C22H26N2O4,350078255
191,1.14.14.50,C21683,C21H24N2O3,350078260
700,1.14.14.50,C11675,C22H26N2O3,13840
701,1.14.14.50,C09244,C21H24N2O2,11435
451,1.14.14.50,C03024,,5930
508,1.14.14.50,C03161,,6046
705,1.14.14.57,C05465,C26H45NO6S,7825
702,1.14.14.57,C03990,C24H40O3,6705
509,1.14.14.57,C03161,,6046
706,1.14.14.57,C15517,C24H40O4,17396509
452,1.14.14.57,C03024,,5930
704,1.14.14.57,C15516,C26H45NO7S,17396508
707,1.14.14.69,C21828,C20H30O,
708,1.14.14.69,C21826,C20H30O2,
709,1.14.14.69,C18226,C20H32,103061408
710,1.14.14.69,C21827,C20H32O,
510,1.14.14.69,C03161,,6046
453,1.14.14.69,C03024,,5930
711,1.14.14.69,C21829,C20H32O2,
511,1.14.14.71,C03161,,6046
454,1.14.14.71,C03024,,5930
714,1.14.14.71,C19819,C30H50O,135626286
713,1.14.14.71,C21841,C30H48O2,
712,1.14.14.71,C21842,C30H50O2,
512,1.14.14.73,C03161,,6046
718,1.14.14.73,C21882,C15H13N3O3S,
717,1.14.14.73,C02809,C12H15N3O3S,5759
716,1.14.14.73,C21876,C15H13N3O2S,
715,1.14.14.73,C01779,C12H15N3O2S,4909
455,1.14.14.73,C03024,,5930
721,1.14.14.76,C21831,C20H32O2,
720,1.14.14.76,C20146,C20H32O,135626606
456,1.14.14.76,C03024,,5930
719,1.14.14.76,C20145,C20H32,135626605
513,1.14.14.76,C03161,,6046
457,1.14.14.81,C03024,,5930
722,1.14.14.81,C00766,C15H12O2,4028
723,1.14.14.81,C15609,C15H12O4,17396600
724,1.14.14.81,C15204,C15H12O3,17396201
514,1.14.14.81,C03161,,6046
725,1.14.14.84,C04433,C10H18O2,7064
458,1.14.14.84,C03024,,5930
515,1.14.14.84,C03161,,6046
727,1.14.14.84,C03985,C10H18O,6701
726,1.14.14.84,C20221,C10H16O2,163311964
730,1.14.14.86,C11873,C20H30O,14035
729,1.14.14.86,C06090,C20H32,8356
728,1.14.14.86,C11872,C20H32O,14034
459,1.14.14.86,C03024,,5930
516,1.14.14.86,C03161,,6046
467,1.14.14.86,C11874,C20H30O2,14036
517,1.14.14.87,C03161,,6046
736,1.14.14.87,C09762,C15H12O4,11950
460,1.14.14.87,C03024,,5930
734,1.14.14.87,C15567,C15H12O5,17396559
733,1.14.14.87,C00509,C15H12O5,3792
731,1.14.14.87,C12631,C15H12O6,583021
461,1.14.14.95,C03024,,5930
590,1.14.14.95,C19678,C15H22O2,135626146
738,1.14.14.95,C19676,C15H24O,135626144
737,1.14.14.95,C19677,C15H22O,135626145
739,1.14.14.95,C16141,C15H24,47205451
518,1.14.14.95,C03161,,6046
740,1.14.15.15,C05454,C27H48O3,7816
741,1.14.15.15,C00667,,3936
745,1.14.15.15,C00662,,3931
749,1.14.15.16,C07712,C27H44O3,9914
751,1.14.15.16,C01561,C27H44O2,4719
746,1.14.15.16,C00662,,3931
742,1.14.15.16,C00667,,3936
754,1.14.15.16,C01673,C27H44O3,4817
757,1.14.15.16,C18231,C27H44O4,103061413
779,1.14.15.17,C00139,,3439
761,1.14.15.17,C00138,,3438
776,1.14.15.17,C18021,C35H36N4O5,96024241
759,1.14.15.17,C18022,C35H38N4O7,96024242
760,1.14.15.17,C21192,C35H36N4O6,315431315
747,1.14.15.18,C00662,,3931
743,1.14.15.18,C00667,,3936
758,1.14.15.18,C18231,C27H44O4,103061413
752,1.14.15.18,C01561,C27H44O2,4719
755,1.14.15.18,C01673,C27H44O3,4817
750,1.14.15.18,C07712,C27H44O3,9914
797,1.14.15.21,C08614,C40H56O4,10807
794,1.14.15.21,C08579,C40H56O3,10772
278,1.14.15.21,C06098,C40H56O2,8363
780,1.14.15.21,C00139,,3439
762,1.14.15.21,C00138,,3438
756,1.14.15.22,C01673,C27H44O3,4817
800,1.14.15.22,C05443,C27H44O,7805
763,1.14.15.22,C00138,,3438
753,1.14.15.22,C01561,C27H44O2,4719
781,1.14.15.22,C00139,,3439
782,1.14.15.24,C00139,,3439
801,1.14.15.24,C08591,C40H56O,10784
802,1.14.15.24,C02094,C40H56,5178
764,1.14.15.24,C00138,,3438
279,1.14.15.24,C06098,C40H56O2,8363
809,1.14.15.26,C06756,C8H10,8977
810,1.14.15.26,C06757,C8H10O,8978
805,1.14.15.26,C07208,C8H10,9417
783,1.14.15.26,C00139,,3439
806,1.14.15.26,C00556,C7H8O,3836
765,1.14.15.26,C00138,,3438
804,1.14.15.26,C07216,C8H10O,9425
808,1.14.15.26,C01455,C7H8,4632
811,1.14.15.28,C21305,C27H42O2,318172284
812,1.14.15.28,C00599,C27H44O,3875
815,1.14.15.28,C21303,C27H44O2,318172282
816,1.14.15.28,C20839,C27H42O3,254741305
813,1.14.15.29,C00599,C27H44O,3875
818,1.14.15.29,C21076,C27H42O3,295369338
819,1.14.15.29,C21304,C27H42O2,318172283
784,1.14.15.29,C00139,,3439
766,1.14.15.29,C00138,,3438
817,1.14.15.29,C20143,C27H44O2,135626603
822,1.14.15.32,C01841,C15H24,4959
767,1.14.15.32,C00138,,3438
785,1.14.15.32,C00139,,3439
820,1.14.15.32,C19939,C15H22O,135626405
821,1.14.15.32,C19938,C15H24O,135626404
829,1.14.15.33,C11995,C25H43NO7,14156
828,1.14.15.33,C20739,C28H47NO8,254741207
827,1.14.15.33,C11998,C28H47NO7,14159
826,1.14.15.33,C11996,C25H43NO7,14157
824,1.14.15.33,C11999,C28H47NO8,14160
823,1.14.15.33,C20741,C25H43NO8,254741209
825,1.14.15.33,C11994,C25H43NO6,14155
786,1.14.15.33,C00139,,3439
768,1.14.15.33,C00138,,3438
833,1.14.15.6,C02373,C6H12O,5415
832,1.14.15.6,C00187,C27H46O,3487
748,1.14.15.6,C00662,,3931
830,1.14.15.6,C05502,C27H46O2,7855
744,1.14.15.6,C00667,,3936
831,1.14.15.6,C01953,C21H32O2,5056
834,1.14.15.9,C15884,C42H58O3,47205204
836,1.14.15.9,C15885,C42H56O4,47205205
835,1.14.15.9,C15903,C41H58O2,47205222
787,1.14.15.9,C00139,,3439
769,1.14.15.9,C00138,,3438
837,1.14.15.9,C15881,C42H60O2,47205201
838,1.14.15.9,C15900,C41H60O,47205219
840,1.14.18.1,C00355,C9H11NO4,3648
839,1.14.18.1,C00822,C9H9NO4,4080
645,1.14.18.1,C00082,C9H11NO3,3382
875,1.14.18.9,C04840,C29H48O3,7398
860,1.14.18.9,C00996,,4242
859,1.14.18.9,C11509,C29H48O2,13679
857,1.14.18.9,C04814,C29H50O2,7376
858,1.14.18.9,C04530,C29H50O,7140
842,1.14.18.9,C00999,,4245
880,1.14.19.12,C21530,C18H29OR,336445168
881,1.14.19.12,C21532,C18H27OR,336445170
876,1.14.19.12,C21529,C18H31OR,336445167
843,1.14.19.12,C00999,,4245
882,1.14.19.12,C21531,C18H29OR,336445169
861,1.14.19.12,C00996,,4242
885,1.14.19.29,C12145,C19H38NO4R,14292
844,1.14.19.29,C00999,,4245
862,1.14.19.29,C00996,,4242
887,1.14.19.29,C21024,C19H36NO4R,254741478
886,1.14.19.29,C21025,C19H36NO4R,254741479
863,1.14.19.3,C00996,,4242
888,1.14.19.3,C03035,C39H64N7O17P3S,5940
890,1.14.19.3,C16163,C39H62N7O17P3S,47205473
845,1.14.19.3,C00999,,4245
889,1.14.19.3,C16162,C39H64N7O17P3S,47205472
560,1.14.19.3,C02050,C39H66N7O17P3S,5139
846,1.14.19.30,C00999,,4245
864,1.14.19.30,C00996,,4242
847,1.14.19.31,C00999,,4245
865,1.14.19.31,C00996,,4242
848,1.14.19.32,C00999,,4245
866,1.14.19.32,C00996,,4242
893,1.14.19.32,C00154,C37H66N7O17P3S,3454
892,1.14.19.32,C20996,C37H64N7O17P3S,254741454
891,1.14.19.32,C20997,C37H64N7O17P3S,254741455
867,1.14.19.33,C00996,,4242
877,1.14.19.33,C21529,C18H31OR,336445167
849,1.14.19.33,C00999,,4245
850,1.14.19.34,C00999,,4245
868,1.14.19.34,C00996,,4242
883,1.14.19.35,C21531,C18H29OR,336445169
770,1.14.19.35,C00138,,3438
788,1.14.19.35,C00139,,3439
878,1.14.19.35,C21529,C18H31OR,336445167
789,1.14.19.36,C00139,,3439
771,1.14.19.36,C00138,,3438
894,1.14.19.37,C16180,C41H70N7O17P3S,47205489
897,1.14.19.37,C21082,C41H68N7O17P3S,295369344
896,1.14.19.37,C16179,C41H68N7O17P3S,47205488
895,1.14.19.37,C21083,C41H66N7O17P3S,295369345
869,1.14.19.38,C00996,,4242
851,1.14.19.38,C00999,,4245
852,1.14.19.4,C00999,,4245
870,1.14.19.4,C00996,,4242
899,1.14.19.44,C02249,C41H66N7O17P3S,5312
901,1.14.19.44,C16165,C41H64N7O17P3S,47205475
898,1.14.19.44,C16164,C41H66N7O17P3S,47205474
900,1.14.19.44,C03595,C41H68N7O17P3S,6386
871,1.14.19.44,C00996,,4242
853,1.14.19.44,C00999,,4245
854,1.14.19.47,C00999,,4245
884,1.14.19.47,C21531,C18H29OR,336445169
879,1.14.19.47,C21529,C18H31OR,336445167
872,1.14.19.47,C00996,,4242
462,1.14.19.50,C03024,,5930
902,1.14.19.50,C16702,C16H19NO3,96023226
903,1.14.19.50,C21406,C16H17NO3,328082949
904,1.14.19.50,C21405,C16H17NO3,328082948
519,1.14.19.50,C03161,,6046
520,1.14.19.52,C03161,,6046
907,1.14.19.52,C21719,C13H13N3O2S,350078296
463,1.14.19.52,C03024,,5930
908,1.14.19.52,C01326,CHN,4537
906,1.14.19.52,C21721,C11H8N2S,350078298
905,1.14.19.52,C21722,C12H10N2O2S,350078299
917,1.14.19.55,C14521,C6H4Br2O,17395521
915,1.14.19.55,C00156,C7H6O3,3456
914,1.14.19.55,C21852,C6H4Br2O2,
910,1.14.19.55,C21850,C7H5BrO3,
918,1.14.19.55,C00230,C7H6O4,3529
912,1.14.19.55,C01324,Br,4536
911,1.14.19.55,C21853,C7H5BrO4,
387,1.14.19.56,C00698,Cl,3966
913,1.14.19.57,C01324,Br,4536
920,1.14.19.59,C21867,C11H11ClN2O2,
921,1.14.19.59,C21866,C11H11ClN2O2,
261,1.14.19.59,C00078,C11H12N2O2,3378
388,1.14.19.59,C00698,Cl,3966
257,1.14.19.59,C00525,C11H12N2O2,3808
922,1.14.19.6,C21000,C37H62N7O17P3S,254741458
873,1.14.19.6,C00996,,4242
561,1.14.19.6,C02050,C39H66N7O17P3S,5139
558,1.14.19.6,C00510,C39H68N7O17P3S,3793
855,1.14.19.6,C00999,,4245
923,1.14.19.6,C21072,C37H64N7O17P3S,295369334
927,1.14.19.63,C19727,C16H10O6,135626194
925,1.14.19.63,C10520,C16H12O6,12703
926,1.14.19.63,C10522,C16H10O5,12705
924,1.14.19.63,C01562,C16H12O5,4720
521,1.14.19.63,C03161,,6046
464,1.14.19.63,C03024,,5930
928,1.14.19.69,C18013,C20H10O10,96024233
929,1.14.19.69,C18012,C10H6O5,96024232
930,1.14.19.69,C18014,C20H10O10,96024234
772,1.14.19.69,C00138,,3438
790,1.14.19.69,C00139,,3439
931,1.14.19.74,C05366,C20H22O6,7741
933,1.14.19.74,C10882,C20H18O6,13065
932,1.14.19.74,C21954,C20H20O6,376218987
938,1.14.19.75,C22018,C30H55O8PR2,
856,1.14.19.75,C00999,,4245
935,1.14.19.75,C22019,C28H53O8PR2,
874,1.14.19.75,C00996,,4242
936,1.14.19.75,C22020,C28H51O8PR2,
937,1.14.19.75,C22017,C30H57O8PR2,
294,1.14.20.14,C00042,C4H6O4,3344
940,1.14.20.14,C21973,C21H24N2,376219006
47,1.14.20.14,C00026,C5H6O5,3328
939,1.14.20.14,C21975,C21H23ClN2,376219008
941,1.14.20.14,C21974,C21H23ClN2,376219007
389,1.14.20.14,C00698,Cl,3966
942,1.14.20.14,C21840,C21H24N2,375580933
48,1.14.20.4,C00026,C5H6O5,3328
945,1.14.20.4,C21832,C15H12O3,
946,1.14.20.4,C21418,C15H14O3,328082961
295,1.14.20.4,C00042,C4H6O4,3344
943,1.14.20.4,C21381,C15H11O2,319902611
947,1.14.20.7,C03912,C5H7NO2,6642
378,1.14.20.7,C00062,C6H14N4O2,3362
949,1.14.20.7,C17349,CH5N3,135626098
948,1.14.20.7,C20330,C6H14N4O3,163312068
296,1.14.20.7,C00042,C4H6O4,3344
49,1.14.20.7,C00026,C5H6O5,3328
950,1.14.99.46,C20232,C5H8N2O4,163311975
954,1.14.99.46,C00178,C5H6N2O2,3478
958,1.14.99.46,C00106,C4H4N2O2,3406
952,1.14.99.46,C20231,C4H6N2O4,163311974
625,1.14.99.46,C01847,C17H23N4O9P,4964
312,1.14.99.48,C00067,CH2O,3367
968,1.14.99.48,C20666,C33H34N4O7,172232387
967,1.14.99.48,C20667,C33H34N4O7,172232388
963,1.14.99.48,C14818,Fe,17395816
970,1.14.99.57,C21625,C34H34N4O7,340650289
969,1.14.99.57,C21624,C34H34N4O7,340650288
964,1.14.99.57,C14818,Fe,17395816
973,1.14.99.58,C21724,C33H34N4O6,350078301
972,1.14.99.58,C21723,C33H34N4O6,350078300
971,1.14.99.58,C00237,CO,3536
965,1.14.99.58,C14818,Fe,17395816
975,1.14.99.63,C08592,C40H54O,10785
974,1.14.99.63,C08583,C40H52O2,10776
803,1.14.99.63,C02094,C40H56,5178
977,1.14.99.64,C08580,C40H52O4,10773
280,1.14.99.64,C06098,C40H56O2,8363
976,1.14.99.64,C15968,C40H54O3,47205281
966,1.16.3.2,C14818,Fe,17395816
978,1.16.3.3,C19611,Mn,124490280
979,1.16.3.3,C19610,Mn,124490279
982,1.17.3.4,C04110,C10H6O4,6800
981,1.17.3.4,C21414,C10H8O4,328082957
980,1.17.3.4,C03840,C10H6O3,6579
985,1.17.4.4,C02059,C31H46O2,5148
983,1.17.4.4,C03313,C31H48O2,6166
984,1.17.4.4,C05849,C31H46O3,8142
986,1.17.7.4,C00235,C5H12O7P2,3534
992,1.17.7.4,C00129,C5H12O7P2,3429
993,1.17.7.4,C11811,C5H12O8P2,13975
773,1.17.7.4,C00138,,3438
791,1.17.7.4,C00139,,3439
995,1.17.9.1,C05357,,7734
996,1.17.9.1,C01468,C7H8O,4643
994,1.17.9.1,C17467,C7H8O2,96023815
997,1.17.9.1,C05358,,7735
998,1.17.9.1,C00633,C7H6O2,3906
999,1.17.98.2,C20650,C31H28MgN4O6(R1)(R2),340125640
1000,1.17.98.2,C05198,C10H13N5O3,7603
1007,1.17.98.2,C21407,C31H28MgN4O5(R1)(R2),328082950
1008,1.17.98.2,C21582,C31H26MgN4O5(R1)(R2),340125643
1010,1.17.98.2,C00073,C5H11NO2S,3373
1009,1.17.98.2,C18161,C31H28MgN4O4(R1)(R2),96024377
1020,1.17.99.4,C05281,C5H6N2O3,7668
1019,1.17.99.4,C00813,C4H4N2O3,4071
955,1.17.99.4,C00178,C5H6N2O2,3478
959,1.17.99.4,C00106,C4H4N2O2,3406
1021,1.2.1.31,C00956,C6H11NO4,4207
1023,1.2.1.31,C04076,C6H11NO3,6771
1026,1.2.1.31,C00450,C6H9NO2,3738
1024,1.2.1.95,C04076,C6H11NO3,6771
1022,1.2.1.95,C00956,C6H11NO4,4207
636,1.2.3.15,C00048,C2H2O3,3350
118,1.2.3.15,C00022,C3H4O3,3324
1029,1.2.3.15,C00546,C3H4O2,3827
1028,1.2.3.15,C14448,C2H2O2,17395448
1034,1.2.99.10,C21770,C30H36O4,354339115
1031,1.2.99.10,C21766,C30H38O,354339113
1032,1.2.99.10,C19798,C30H36O2,135626265
1033,1.2.99.10,C21768,C30H38O2,354339114
1035,1.21.1.1,C02515,C9H10INO3,5525
1036,1.21.1.1,C01060,C9H9I2NO3,4299
217,1.21.1.1,C00708,I,3975
646,1.21.1.1,C00082,C9H11NO3,3382
1037,1.21.3.6,C16410,C21H20O12,47205708
1038,1.21.3.6,C16407,C21H22O10,47205705
1040,1.21.3.6,C16408,C21H22O11,47205706
1042,1.21.3.6,C16409,C21H20O11,47205707
243,1.21.4.5,C00051,C10H17N3O6S,3353
1045,1.21.4.5,C00127,C20H32N6O12S2,3427
390,1.21.4.5,C00698,Cl,3966
1044,1.21.4.5,C07099,C6H3Cl3O2,9310
384,1.21.4.5,C03434,C6H2Cl4O2,6261
1043,1.21.4.5,C07097,C6H4Cl2O2,9308
411,1.21.98.3,C11831,C35H30MgN4O5,13995
1001,1.21.98.3,C05198,C10H13N5O3,7603
1011,1.21.98.3,C00073,C5H11NO2S,3373
413,1.21.98.3,C04536,C35H34MgN4O4,7143
798,1.23.5.1,C08614,C40H56O4,10807
795,1.23.5.1,C08579,C40H56O3,10772
183,1.23.5.1,C00072,C6H8O6,3372
281,1.23.5.1,C06098,C40H56O2,8363
201,1.23.5.1,C05422,C6H6O6,7786
960,1.3.1.1,C00106,C4H4N2O2,3406
1047,1.3.1.1,C00429,C4H6N2O2,3718
1046,1.3.1.1,C00906,C5H8N2O2,4161
956,1.3.1.1,C00178,C5H6N2O2,3478
1048,1.3.1.107,C05194,C21H17NO5,7599
1050,1.3.1.107,C05191,C20H15NO4,7596
1052,1.3.1.107,C06162,C20H14NO4,8418
1054,1.3.1.107,C06327,C21H16NO5,8563
944,1.3.1.112,C21381,C15H11O2,319902611
1056,1.3.1.112,C21379,C15H14O2,319902609
1057,1.3.1.112,C21380,C15H14O2,319902610
1059,1.3.1.114,C21907,C45H72N7O19P3S,
1061,1.3.1.114,C21905,C45H72N7O18P3S,
1060,1.3.1.114,C21908,C45H70N7O19P3S,
1058,1.3.1.114,C21906,C45H70N7O18P3S,
1064,1.3.1.115,C21471,C45H70N7O19P3S,329970423
1063,1.3.1.115,C21910,C45H72N7O20P3S,
1062,1.3.1.115,C21909,C45H72N7O19P3S,
1065,1.3.1.115,C21469,C45H70N7O20P3S,329970421
1072,1.3.1.117,C21914,C31H46N7O19P3S,
1070,1.3.1.117,C00406,C31H44N7O19P3S,3696
1069,1.3.1.117,C21913,C30H44N7O18P3S,
1066,1.3.1.117,C00223,C30H42N7O18P3S,3523
1074,1.3.1.3,C00762,C21H28O5,4024
1073,1.3.1.3,C03091,C27H46O,5989
814,1.3.1.3,C00599,C27H44O,3875
1076,1.3.1.81,C09893,C10H16O,12079
1075,1.3.1.81,C11952,C10H18O,14113
334,1.3.1.81,C00843,C10H18O,4100
1077,1.3.1.87,C12622,C9H10O4,583012
329,1.3.1.87,C11588,C9H12O4,13753
231,1.3.1.87,C12623,C9H8O4,583013
236,1.3.1.87,C04044,C9H10O4,6745
1078,1.3.2.3,C01115,C6H10O6,4347
1079,1.3.2.3,C00126,C42H44FeN8O8S2R4,3426
1083,1.3.2.3,C00125,C42H44FeN8O8S2R4,3425
184,1.3.2.3,C00072,C6H8O6,3372
202,1.3.2.3,C05422,C6H6O6,7786
1088,1.3.3.13,C20519,C15H20N2O2,172232268
1087,1.3.3.13,C20520,C15H16N2O2,172232269
1089,1.3.3.13,C20521,C15H18N2O2,172232270
1099,1.3.5.5,C02061,C8H8O2(C5H8)n,5150
1098,1.3.5.5,C19765,C40H62,135626232
1097,1.3.5.5,C19764,C40H60,135626231
1090,1.3.5.5,C16693,C8H10O2(C5H8)n,51091015
1091,1.3.5.5,C05421,C40H64,7785
1102,1.3.5.6,C19759,C40H58,135626226
1100,1.3.5.6,C15602,,17396594
1101,1.3.5.6,C15857,C40H60,47205177
1103,1.3.5.6,C15603,,17396595
1104,1.3.5.6,C15858,C40H56,47205178
341,1.3.7.15,C02139,C35H34MgN4O5,5218
1105,1.3.7.15,C18152,C35H36MgN4O5,96024369
141,1.3.7.15,C18153,C35H38MgN4O6,96024370
144,1.3.7.15,C18154,C35H36MgN4O6,96024371
147,1.3.7.15,C18155,C35H36MgN4O6,96024372
774,1.3.7.15,C00138,,3438
792,1.3.7.15,C00139,,3439
1107,1.3.8.2,C16144,C30H48,47205454
1109,1.3.8.6,C04253,,6918
1110,1.3.8.6,C04570,,7171
1111,1.3.8.6,C00527,C26H42N7O19P3S,3810
1112,1.3.8.6,C00877,C25H40N7O17P3S,4133
1113,1.3.8.6,C02411,C26H40N7O19P3S,5444
1115,1.3.99.25,C01767,C10H14O,4900
1114,1.3.99.25,C11383,C10H14O,13557
1121,1.3.99.26,C05431,C40H58,7795
1125,1.3.99.26,C05432,C40H56,7796
1116,1.3.99.26,C05430,C40H60,7794
1131,1.3.99.28,C05414,C40H62,7780
1117,1.3.99.28,C05430,C40H60,7794
1122,1.3.99.28,C05431,C40H58,7795
1092,1.3.99.28,C05421,C40H64,7785
1093,1.3.99.29,C05421,C40H64,7785
1132,1.3.99.29,C05414,C40H62,7780
1118,1.3.99.29,C05430,C40H60,7794
1135,1.3.99.30,C15867,C40H54,47205187
1126,1.3.99.30,C05432,C40H56,7796
1119,1.3.99.30,C05430,C40H60,7794
1123,1.3.99.30,C05431,C40H58,7795
1133,1.3.99.30,C05414,C40H62,7780
1094,1.3.99.30,C05421,C40H64,7785
1095,1.3.99.31,C05421,C40H64,7785
1120,1.3.99.31,C05430,C40H60,7794
1134,1.3.99.31,C05414,C40H62,7780
1127,1.3.99.31,C05432,C40H56,7796
1124,1.3.99.31,C05431,C40H58,7795
1140,1.3.99.37,C22060,C50H74O2,
1138,1.3.99.37,C22059,C45H64O,
1136,1.3.99.37,C22058,C45H66O,
1153,1.4.1.13,C00025,C5H9NO4,3327
1142,1.4.1.13,C00064,C5H10N2O3,3364
50,1.4.1.13,C00026,C5H6O5,3328
1027,1.4.1.18,C00450,C6H9NO2,3738
1169,1.4.1.18,C00047,C6H14N2O2,3349
1025,1.4.1.18,C04076,C6H11NO3,6771
51,1.4.3.15,C00026,C5H6O5,3328
1170,1.4.3.15,C00217,C5H9NO4,3517
1172,1.4.3.15,C00402,C4H7NO4,3692
109,1.4.3.15,C00036,C4H4O5,3338
637,1.4.3.19,C00048,C2H2O3,3350
1174,1.4.3.19,C00037,C2H5NO2,3339
1173,1.4.3.19,C15809,C2H3NO2,47205134
1181,1.4.3.5,C00627,C8H12NO6P,3900
1182,1.4.3.5,C00647,C8H13N2O5P,3919
775,1.4.7.1,C00138,,3438
52,1.4.7.1,C00026,C5H6O5,3328
793,1.4.7.1,C00139,,3439
1154,1.4.7.1,C00025,C5H9NO4,3327
1143,1.4.7.1,C00064,C5H10N2O3,3364
1185,1.4.99.6,C00792,C6H14N4O2,4050
1184,1.4.99.6,C03771,C6H11N3O3,6525
1183,1.4.99.6,C21026,C6H12N4O2,254741480
1192,1.5.1.1,C00148,C5H9NO2,3448
1190,1.5.1.1,C03564,C5H7NO2,6356
1188,1.5.1.1,C04092,C6H9NO2,6784
1186,1.5.1.1,C00408,C6H11NO2,3698
1191,1.5.1.21,C03564,C5H7NO2,6356
1189,1.5.1.21,C04092,C6H9NO2,6784
1187,1.5.1.21,C00408,C6H11NO2,3698
1193,1.5.1.21,C00148,C5H9NO2,3448
1196,1.5.1.43,C18174,C7H17N3O2,96024390
1198,1.5.1.43,C00441,C4H7NO3,3730
1199,1.5.1.43,C00134,C4H12N2,3434
1204,1.5.1.43,C00986,C3H10N2,4233
1207,1.5.1.43,C18172,C8H19N3O2,96024388
1209,1.5.3.12,C05316,C22H19NO6,7698
1051,1.5.3.12,C05191,C20H15NO4,7596
1053,1.5.3.12,C06162,C20H14NO4,8418
1049,1.5.3.12,C05194,C21H17NO5,7599
1210,1.5.3.12,C06165,C22H18NO6,8420
1055,1.5.3.12,C06327,C21H16NO5,8563
1213,1.5.3.13,C00315,C7H19N3,3609
1222,1.5.3.13,C02567,C12H28N4O,5564
1220,1.5.3.13,C00612,C9H21N3O,3886
1200,1.5.3.13,C00134,C4H12N2,3434
1211,1.5.3.13,C18170,C5H9NO2,96024386
1201,1.5.3.17,C00134,C4H12N2,3434
1212,1.5.3.17,C18170,C5H9NO2,96024386
1214,1.5.3.17,C00315,C7H19N3,3609
1221,1.5.3.17,C00612,C9H21N3O,3886
1225,1.5.3.17,C05665,C3H7NO,7975
1224,1.5.3.17,C00750,C10H26N4,4012
1223,1.5.3.17,C02567,C12H28N4O,5564
1228,1.5.3.5,C01297,C10H14N2O2,4515
1230,1.5.3.5,C01056,C10H14N2O,4296
1226,1.5.3.5,C21075,C10H12N2O,295369337
1229,1.5.3.6,C01297,C10H14N2O2,4515
1231,1.5.3.6,C03043,C10H14N2O,5946
1227,1.5.3.6,C21075,C10H12N2O,295369337
1233,1.6.3.5,C21423,C21H29N7O14P2,328082966
1232,1.6.3.5,C21424,C21H29N7O14P2,328082967
1236,1.7.1.16,C02720,C6H7NO,5682
1235,1.7.1.16,C06813,C6H5NO2,9032
1234,1.7.1.16,C06876,C6H5NO,9093
269,1.7.2.6,C00088,HNO2,3388
1080,1.7.2.6,C00126,C42H44FeN8O8S2R4,3426
1084,1.7.2.6,C00125,C42H44FeN8O8S2R4,3425
1237,1.7.2.6,C00192,NH3O,3492
375,1.7.2.6,C00533,NO,3815
1238,1.7.3.6,C00192,NH3O,3492
270,1.7.3.6,C00088,HNO2,3388
1239,1.7.3.6,C20937,NHO,254741399
1085,1.7.3.6,C00125,C42H44FeN8O8S2R4,3425
1081,1.7.3.6,C00126,C42H44FeN8O8S2R4,3426
1243,1.8.4.11,C00343,C10H12N4O4S2R4,3636
1241,1.8.4.11,C03023,C6H10N2O2SR2,5929
1240,1.8.4.11,C15999,C5H11NO3S,47205310
1245,1.8.4.11,C00342,C10H14N4O4S2R4,3635
1012,1.8.4.11,C00073,C5H11NO2S,3373
1242,1.8.4.11,C03895,C6H10N2O3SR2,6627
1247,1.8.99.5,C00283,H2S,3578
239,1.8.99.5,C00094,H2SO3,3394
1253,2.1.1.107,C15527,C41H46N4O16,17396519
1254,2.1.1.107,C01051,C40H44N4O16,4293
1255,2.1.1.107,C02463,C42H48N4O16,5480
1256,2.1.1.110,C20445,C18H14O6,163312182
538,2.1.1.110,C03686,C19H14O6,6461
545,2.1.1.110,C03944,C19H16O6,6668
1257,2.1.1.110,C00961,C18H12O6,4212
1258,2.1.1.132,C06408,C45H60N4O14,8643
1259,2.1.1.132,C06319,C44H56N4O16,8555
1260,2.1.1.137,C07308,C2H7AsO2,9516
1261,2.1.1.137,C07295,CH5AsO2,9504
1262,2.1.1.137,C06697,AsO3,8922
1263,2.1.1.137,C07294,CH5AsO3,9503
1264,2.1.1.156,C01026,C4H9NO2,4271
1175,2.1.1.156,C00037,C2H5NO2,3339
1267,2.1.1.156,C00213,C3H7NO2,3513
164,2.1.1.157,C00719,C5H11NO2,3985
1268,2.1.1.157,C00213,C3H7NO2,3513
1265,2.1.1.157,C01026,C4H9NO2,4271
355,2.1.1.160,C13747,C7H8N4O2,586336
348,2.1.1.160,C07480,C7H8N4O2,9683
353,2.1.1.160,C07481,C8H10N4O2,9684
358,2.1.1.160,C16353,C6H6N4O2,47205661
165,2.1.1.162,C00719,C5H11NO2,3985
1176,2.1.1.162,C00037,C2H5NO2,3339
1266,2.1.1.162,C01026,C4H9NO2,4271
1269,2.1.1.162,C00213,C3H7NO2,3513
1275,2.1.1.169,C10192,C15H10O7,12378
1272,2.1.1.169,C19807,C18H16O7,135626274
1273,2.1.1.169,C10193,C17H14O7,12379
1270,2.1.1.169,C19739,C16H12O7,135626206
1271,2.1.1.175,C19739,C16H12O7,135626206
1276,2.1.1.175,C10192,C15H10O7,12378
1274,2.1.1.175,C10193,C17H14O7,12379
1013,2.1.1.192,C00073,C5H11NO2S,3373
1002,2.1.1.192,C05198,C10H13N5O3,7603
1277,2.1.1.240,C20154,C15H14O3,135626614
1279,2.1.1.240,C10287,C16H16O3,12473
1278,2.1.1.240,C03582,C14H12O3,6374
1281,2.1.1.251,C03576,C2H6O3S2,6368
1280,2.1.1.251,C03920,C3H8O3S2,6649
1283,2.1.1.251,C00409,CH4S,3699
1248,2.1.1.251,C00283,H2S,3578
1286,2.1.1.254,C06616,C36H65NO13,8842
1287,2.1.1.254,C06653,C37H67NO12,8878
1288,2.1.1.254,C01912,C37H67NO13,5020
1289,2.1.1.254,C06633,C36H65NO12,8859
1293,2.1.1.262,C20412,C32H54,163312149
1290,2.1.1.262,C20411,C31H52,163312148
1291,2.1.1.262,C00751,C30H50,4013
1294,2.1.1.263,C20434,C31H52,163312171
1295,2.1.1.263,C20433,C31H52,163312170
1296,2.1.1.263,C20435,C32H54,163312172
1297,2.1.1.263,C20432,C30H50,163312169
1298,2.1.1.267,C02790,,5741
1302,2.1.1.279,C10478,C11H14O2,12661
1301,2.1.1.279,C10469,C10H12O2,12652
1300,2.1.1.279,C10428,C10H12O,12613
1299,2.1.1.279,C20464,C9H10O,163312201
1307,2.1.1.291,C05178,C19H23NO4,7589
1305,2.1.1.291,C20712,C20H25NO4,254741181
1303,2.1.1.291,C02105,C19H23NO4,5187
1306,2.1.1.291,C09555,C20H25NO4,11746
1310,2.1.1.295,C16695,C53H82O2,51091017
1313,2.1.1.295,C17570,C52H80O2,96023915
1308,2.1.1.295,C20737,C27H40O2,254741205
1311,2.1.1.295,C15882,C27H46O2,47205202
1314,2.1.1.316,C21164,C14H15N3O6,313369424
1317,2.1.1.316,C21162,C15H17N3O6,313369422
1315,2.1.1.316,C21163,C15H17N3O6,313369423
1316,2.1.1.316,C21161,C16H19N3O6,313369421
1321,2.1.1.319,C00613,C7H13N5O2R2,3887
1318,2.1.1.319,C21188,C9H17N5O2R2,315431311
1319,2.1.1.319,C04143,C8H15N5O2R2,6828
1325,2.1.1.320,C21189,C9H17N5O2R2,315431312
1322,2.1.1.320,C00613,C7H13N5O2R2,3887
1320,2.1.1.320,C04143,C8H15N5O2R2,6828
1328,2.1.1.324,C18033,C16H27N3O12P2,96024253
1327,2.1.1.324,C18034,C18H31N3O12P2,96024254
1326,2.1.1.324,C21395,C17H29N3O12P2,328082938
1332,2.1.1.325,C16502,C15H24O2,47205798
1329,2.1.1.325,C16503,C16H26O2,47205799
1330,2.1.1.325,C16504,C15H24O3,47205800
1333,2.1.1.325,C09694,C16H26O3,11884
1337,2.1.1.332,C21427,C34H34MgN4O3,329728050
1336,2.1.1.332,C21428,C35H36MgN4O3,329728051
1335,2.1.1.332,C21429,C36H38MgN4O3,329728052
1340,2.1.1.335,C02811,C22H22N2O7,5761
1339,2.1.1.335,C06654,C20H18N2O7,8879
1338,2.1.1.335,C21436,C21H20N2O7,329728059
1342,2.1.1.337,C09581,C20H24NO4,11772
1341,2.1.1.337,C21491,C20H26NO4,333497474
1304,2.1.1.337,C02105,C19H23NO4,5187
1343,2.1.1.337,C17591,C19H21NO4,96023936
1345,2.1.1.340,C21601,C9H10N2,340125659
1344,2.1.1.340,C21602,C10H12N2,340125660
1346,2.1.1.340,C08304,C11H14N2,10502
1348,2.1.1.341,C00101,C19H23N7O6,3401
919,2.1.1.341,C00230,C7H6O4,3529
1350,2.1.1.341,C00440,C20H25N7O6,3729
1347,2.1.1.341,C05616,C8H8O5,7935
1351,2.1.1.341,C01424,C7H6O5,4609
1352,2.1.1.341,C06672,C8H8O4,8897
1353,2.1.1.343,C21646,C16H19N5O6,350078223
1354,2.1.1.343,C21648,C17H21N5O6,350078225
1355,2.1.1.343,C21647,C18H23N5O6,350078224
1356,2.1.1.344,C21672,C9H14N2O5R2,350078249
1357,2.1.1.344,C21673,C10H16N2O5R2,350078250
1358,2.1.1.344,C21675,C12H20N2O5R2,350078252
1359,2.1.1.344,C21674,C11H18N2O5R2,350078251
1360,2.1.1.345,C21779,C11H15N2O4P,354339122
1362,2.1.1.345,C21778,C10H13N2O4P,354339121
1361,2.1.1.345,C07576,C12H17N2O4P,9779
1365,2.1.1.349,C16789,C7H7N5O2,96023313
1364,2.1.1.349,C21956,C5H3N5O2,376218989
1363,2.1.1.349,C21957,C6H5N5O2,376218990
1368,2.1.1.350,C22027,C17H18O2(C5H8)n,
1367,2.1.1.350,C05818,C15H14O2(C5H8)n,8113
1366,2.1.1.350,C22028,C16H16O2(C5H8)n,
1369,2.1.1.350,C00828,C16H16O2(C5H8)n,4086
1003,2.1.1.350,C05198,C10H13N5O3,7603
1014,2.1.1.350,C00073,C5H11NO2S,3373
1371,2.1.1.44,C05575,C9H16N3O2,7901
1370,2.1.1.44,C04259,C8H13N3O2,6924
1372,2.1.1.44,C00135,C6H9N3O2,3435
1377,2.1.1.63,C00039,C10H17O8PR2(C5H8O5PR)n,3341
1383,2.1.1.63,C03800,C5H8N2O2SR2,6549
1376,2.1.1.63,C04250,C11H16N5O7P(C5H8O5PR)n(C5H8O5PR)n,6915
1373,2.1.1.63,C02743,C4H6N2O2SR2,5703
1384,2.1.1.69,C00758,C11H6O4,4020
1385,2.1.1.69,C01557,C12H8O4,4715
1386,2.1.1.70,C01864,C12H8O4,4978
1387,2.1.1.70,C00841,C11H6O4,4098
1399,2.1.1.95,C14152,C28H48O2,7846964
1398,2.1.1.95,C14153,C29H44O2,7846965
1395,2.1.1.95,C02483,C28H48O2,5496
1394,2.1.1.95,C02477,C29H50O2,5492
1392,2.1.1.95,C14156,C27H40O2,7846968
1388,2.1.1.95,C14155,C28H42O2,7846967
1397,2.1.1.95,C14154,C28H42O2,7846966
1390,2.1.1.95,C14151,C27H46O2,7846963
1400,2.1.1.98,C01573,C14H21N5O4R2,4730
1401,2.1.1.98,C16720,C13H19N5O4R2,96023244
1402,2.1.1.98,C04441,C11H15N5O4R2,7070
1403,2.1.1.98,C04692,C12H17N5O4R2,7272
934,2.1.5.1,C10882,C20H18O6,13065
1349,2.1.5.1,C00101,C19H23N7O6,3401
1405,2.1.5.1,C21802,C18H18O6,
1406,2.1.5.1,C00143,C20H23N7O6,3443
1404,2.1.5.1,C21801,C19H18O6,
1030,2.2.1.11,C00546,C3H4O2,3827
104,2.2.1.11,C00577,C3H6O3,3856
1410,2.2.1.11,C00118,C3H7O6P,3418
1409,2.2.1.11,C01094,C6H13O9P,4329
1408,2.2.1.11,C00354,C6H14O12P2,3647
1407,2.2.1.11,C16848,C6H11O8P,96023372
1414,2.3.1.111,C02557,C25H40N7O19P3S,5558
1420,2.3.1.156,C07351,C10H12O4,9558
1421,2.3.1.156,C02939,C26H44N7O17P3S,5858
1415,2.3.1.156,C07350,C11H14O4,9557
1416,2.3.1.156,C00083,C24H38N7O19P3S,3383
1417,2.3.1.218,C00083,C24H38N7O19P3S,3383
1422,2.3.1.218,C17741,C33H46N7O20P3S,96024068
1424,2.3.1.218,C17740,C32H44N7O19P3S,96024067
1071,2.3.1.218,C00406,C31H44N7O19P3S,3696
1067,2.3.1.218,C00223,C30H42N7O18P3S,3523
1427,2.3.1.219,C17743,C19H16O4,96024070
1423,2.3.1.219,C17741,C33H46N7O20P3S,96024068
1425,2.3.1.219,C17740,C32H44N7O19P3S,96024067
1426,2.3.1.219,C17742,C20H18O5,96024069
1068,2.3.1.219,C00223,C30H42N7O18P3S,3523
807,2.3.1.224,C00556,C7H8O,3836
1429,2.3.1.224,C15513,C9H10O2,17396505
1430,2.3.1.224,C00024,C23H38N7O17P3S,3326
1437,2.3.1.224,C12299,C11H12O2,582690
1428,2.3.1.224,C02394,C9H10O,5428
1439,2.3.1.230,C21453,C9H9NO3,329728076
1440,2.3.1.230,C01944,C29H50N7O17P3S,5048
1441,2.3.1.230,C20643,C16H21NO,172232367
1438,2.3.1.230,C21490,C16H23NO2,333497473
1445,2.3.1.251,C03889,C25H49NO8PR,6622
1446,2.3.1.251,C21193,C94H177N2O25P2R,315431316
1447,2.3.1.251,C04919,C68H130N2O23P2,7466
1449,2.3.1.251,C21982,C84H160N2O24P2,
1450,2.3.1.251,C21194,C110H207N2O26P2R,315431317
1451,2.3.1.251,C04233,C9H20NO7PR,6902
1442,2.3.1.251,C22002,C89H169N3O27P2,
1443,2.3.1.251,C19884,C73H139N3O26P2,135626350
1431,2.3.1.254,C00024,C23H38N7O17P3S,3326
1432,2.3.1.255,C00024,C23H38N7O17P3S,3326
1452,2.3.1.255,C02038,C2H5NO2(C2H2NOR)n,5130
1433,2.3.1.256,C00024,C23H38N7O17P3S,3326
1434,2.3.1.257,C00024,C23H38N7O17P3S,3326
1435,2.3.1.258,C00024,C23H38N7O17P3S,3326
1418,2.3.1.261,C00083,C24H38N7O19P3S,3383
1454,2.3.1.262,C02247,C28H41N8O17P3S,5310
1419,2.3.1.262,C00083,C24H38N7O19P3S,3383
1453,2.3.1.262,C21452,C30H43N8O18P3S,329728075
1455,2.3.1.265,C21608,C24H36O24PR3,340125666
1461,2.3.1.265,C00040,C22H35N7O17P3SR,3342
1457,2.3.1.265,C21607,C23H37O23PR2,340125665
1459,2.3.1.265,C21609,C18H26O19PR3,340125667
1144,2.3.2.1,C00064,C5H10N2O3,3364
1462,2.3.2.1,C00819,C5H10N2O3,4077
1171,2.3.2.1,C00217,C5H9NO4,3517
1463,2.3.2.29,C21457,C12H20N3O6R(C2H2NOR)n,329728080
1464,2.3.2.29,C21458,C6H9N2O5R(C2H2NOR)n,329728081
1465,2.3.2.29,C21456,C7H11N2O5R(C2H2NOR)n,329728079
1466,2.3.2.29,C01645,,4794
1468,2.3.2.29,C02047,C21H32N6O11PR(C5H8O6PR)n,5136
1470,2.3.2.29,C21455,C13H22N3O6R(C2H2NOR)n,329728078
1472,2.3.2.6,C16739,C8H16N5O3R(C2H2NOR)n,96023263
1467,2.3.2.6,C01645,,4794
1469,2.3.2.6,C02047,C21H32N6O11PR(C5H8O6PR)n,5136
1471,2.3.2.6,C21387,C14H27N4O4R(C2H2NOR)n,328082930
1473,2.3.2.6,C21388,C8H16N3O3R(C2H2NOR)n,328082931
1474,2.3.2.6,C21386,C14H27N6O4R(C2H2NOR)n,328082929
1477,2.4.1.109,C03862,C26H47O9P(C5H8)n,6598
1476,2.4.1.109,C00110,C20H37O4P(C5H8)n,3410
1475,2.4.1.109,C20722,C11H18N2O8R2,254741191
1478,2.4.1.125,C00095,C6H12O6,3395
1480,2.4.1.125,C00089,C12H22O11,3389
1484,2.4.1.175,C00203,C17H27N3O17P2,3503
1481,2.4.1.175,C04913,C49H76N4O39R2,7462
1482,2.4.1.175,C04800,C41H63N3O34R2,7362
1498,2.4.1.195,C03719,C8H9NOS,6485
1499,2.4.1.195,C21872,C10H19NO6S2(CH2)n,
1500,2.4.1.195,C21871,C4H9NOS2(CH2)n,375580963
1497,2.4.1.195,C16516,C10H10N2OS,51090845
1486,2.4.1.195,C00029,C15H24N2O17P2,3331
1495,2.4.1.195,C16517,C16H20N2O6S,51090846
1493,2.4.1.195,C01069,C14H19NO6S,4308
1503,2.4.1.202,C04831,C15H19NO10,7392
1507,2.4.1.202,C15770,C8H7NO4,47205096
1505,2.4.1.202,C04720,C9H9NO5,7292
1501,2.4.1.202,C15772,C14H17NO9,47205098
1487,2.4.1.202,C00029,C15H24N2O17P2,3331
1509,2.4.1.212,C00167,C15H22N2O18P2,3467
1511,2.4.1.212,C00043,C17H27N3O17P2,3345
1483,2.4.1.226,C04800,C41H63N3O34R2,7362
1510,2.4.1.226,C00167,C15H22N2O18P2,3467
1513,2.4.1.249,C16301,C24H23O15,47205609
1488,2.4.1.249,C00029,C15H24N2O17P2,3331
1515,2.4.1.249,C16303,C36H43O25,47205611
1514,2.4.1.249,C16304,C30H33O20,47205612
1523,2.4.1.255,C19802,C12H19N3O8R2,135626269
1520,2.4.1.255,C19803,C5H8N2O3R2,135626270
1516,2.4.1.255,C19804,C13H21N3O8R2,135626271
1512,2.4.1.255,C00043,C17H27N3O17P2,3345
1517,2.4.1.255,C02189,C4H6N2O3R2,5260
1532,2.4.1.271,C19869,C32H44O14,135626336
1489,2.4.1.271,C00029,C15H24N2O17P2,3331
1525,2.4.1.271,C19867,C26H34O9,135626334
1527,2.4.1.271,C17513,C38H54O19,96023858
1529,2.4.1.271,C19868,C32H44O14,135626335
1531,2.4.1.271,C08588,C20H24O4,10781
1039,2.4.1.286,C16407,C21H22O10,47205705
1490,2.4.1.286,C00029,C15H24N2O17P2,3331
1535,2.4.1.286,C15525,C15H12O6,17396517
1041,2.4.1.286,C16408,C21H22O11,47205706
1534,2.4.1.286,C06561,C15H12O5,8790
1537,2.4.1.287,C20416,C64H107NO16P2,163312153
1536,2.4.1.287,C03733,C15H24N2O17P2,6496
1538,2.4.1.301,C20350,C12H25N3O7,163312088
1539,2.4.1.301,C12211,C15H25N3O16P2,14356
1541,2.4.1.301,C01823,C18H36N4O11,4947
1544,2.4.1.301,C20353,C12H24N2O8,163312091
1545,2.4.1.301,C00825,C18H37N5O10,4083
1547,2.4.1.301,C20614,C18H35N3O12,172232339
1546,2.4.1.301,C01743,C12H25N3O7,4877
1540,2.4.1.301,C01441,C12H26N4O6,4619
1542,2.4.1.301,C01822,C18H36N4O11,4946
1548,2.4.1.315,C04046,C11H16O10R2,6747
1550,2.4.1.315,C20860,C23H36O20R2,254741326
1549,2.4.1.315,C06040,C17H26O15R2,8311
1491,2.4.1.315,C00029,C15H24N2O17P2,3331
1528,2.4.1.330,C17513,C38H54O19,96023858
1526,2.4.1.330,C19867,C26H34O9,135626334
1492,2.4.1.330,C00029,C15H24N2O17P2,3331
1533,2.4.1.330,C19869,C32H44O14,135626336
1551,2.4.1.330,C08589,C44H64O24,10782
1530,2.4.1.330,C19868,C32H44O14,135626335
1553,2.4.1.346,C00096,C16H25N5O16P2,3396
1460,2.4.1.346,C21609,C18H26O19PR3,340125667
1552,2.4.1.346,C00035,C10H15N5O11P2,3337
1458,2.4.1.346,C21607,C23H37O23PR2,340125665
1456,2.4.1.346,C21608,C24H36O24PR3,340125666
1518,2.4.1.41,C02189,C4H6N2O3R2,5260
1521,2.4.1.41,C19803,C5H8N2O3R2,135626270
1485,2.4.1.41,C00203,C17H27N3O17P2,3503
1555,2.4.2.1,C15586,C10H12N4O4,17396578
1556,2.4.2.1,C00620,C5H11O8P,3894
1558,2.4.2.1,C00672,C5H11O7P,3941
1560,2.4.2.1,C20463,C10H12N4O3,163312200
1554,2.4.2.1,C15587,C5H4N4,17396579
961,2.4.2.2,C00106,C4H4N2O2,3406
957,2.4.2.2,C00178,C5H6N2O2,3478
1557,2.4.2.2,C00620,C5H11O8P,3894
1562,2.4.2.2,C00526,C9H12N2O5,3809
1561,2.4.2.2,C00214,C10H14N2O5,3514
1559,2.4.2.2,C00672,C5H11O7P,3941
1564,2.4.2.2,C00299,C9H12N2O6,3593
1566,2.4.2.29,C00242,C5H5N5O,3541
1567,2.4.2.29,C16675,C7H9N5O,51090998
1568,2.4.2.29,C01449,C12H15N5O3,4626
1569,2.4.2.43,C16157,C60H100NO7P,47205467
1444,2.4.2.43,C19884,C73H139N3O26P2,135626350
1570,2.4.2.43,C19890,C115H211N3O42P2,135626356
1571,2.4.2.43,C06026,C110H202N2O39P2,8298
1573,2.4.2.43,C17556,C55H91O4P,96023901
1448,2.4.2.43,C04919,C68H130N2O23P2,7466
962,2.4.2.57,C00106,C4H4N2O2,3406
1583,2.4.2.57,C00380,C4H5N3O,3670
1580,2.4.2.57,C00105,C9H13N2O9P,3405
1574,2.4.2.57,C00055,C9H14N3O8P,3357
1579,2.4.2.57,C01151,C5H12O11P2,4380
1582,2.4.2.57,C00147,C5H5N5,3447
1584,2.4.99.20,C00153,C6H6N2O,3453
1586,2.4.99.20,C13051,C21H28N6O18P3,583440
1587,2.4.99.20,C00253,C6H5NO2,3552
1588,2.4.99.20,C20742,C15H22N5O16P3,254741210
987,2.5.1.112,C00235,C5H12O7P2,3534
1590,2.5.1.112,C16426,C15H23N5O10P2,47205723
1589,2.5.1.112,C16424,C15H24N5O13P3,47205722
1215,2.5.1.128,C00315,C7H19N3,3609
1592,2.5.1.128,C21009,C10H26N4,254741467
1593,2.5.1.128,C00170,C11H15N5O3S,3470
1594,2.5.1.128,C21010,C13H34N5,254741468
1591,2.5.1.128,C01137,C14H23N6O3S,4368
1597,2.5.1.137,C21499,C12H13O4R,333497482
988,2.5.1.137,C00235,C5H12O7P2,3534
1595,2.5.1.137,C21501,C22H29O4R,333497484
1596,2.5.1.137,C21500,C17H21O4R,333497483
1601,2.5.1.138,C09263,C9H6O4,11454
1599,2.5.1.138,C00341,C10H20O7P2,3634
1602,2.5.1.138,C21495,C19H22O3,333497478
1600,2.5.1.138,C09315,C9H6O3,11506
1598,2.5.1.138,C21496,C19H22O4,333497479
1606,2.5.1.148,C03427,C40H68O7P2,6254
1603,2.5.1.148,C22055,C40H66,
1604,2.5.1.148,C00353,C20H36O7P2,3646
1608,2.5.1.149,C22056,C45H64O,
989,2.5.1.149,C00235,C5H12O7P2,3534
1128,2.5.1.149,C05432,C40H56,7796
1609,2.5.1.149,C22057,C50H72O2,
1141,2.5.1.150,C22060,C50H74O2,
1139,2.5.1.150,C22059,C45H64O,
1137,2.5.1.150,C22058,C45H66O,
1129,2.5.1.150,C05432,C40H56,7796
990,2.5.1.150,C00235,C5H12O7P2,3534
1611,2.5.1.17,C06504,C45H61CoN6O12,8735
1617,2.5.1.17,C00536,H5P3O10,3818
1613,2.5.1.17,C00194,C72H100CoN18O17P,3494
465,2.5.1.17,C03024,,5930
522,2.5.1.17,C03161,,6046
1616,2.5.1.17,C06506,C55H73CoN11O15,8737
1610,2.5.1.17,C00541,C62H88CoN13O14P,3822
1621,2.5.1.21,C03428,C30H52O7P2,6255
1618,2.5.1.21,C00448,C15H28O7P2,3736
1292,2.5.1.21,C00751,C30H50,4013
1626,2.5.1.3,C20246,C7H10NO6PS,163311989
1625,2.5.1.3,C04752,C6H11N3O7P2,7322
1624,2.5.1.3,C20247,C7H10NO6PS,163311990
1623,2.5.1.3,C01081,C12H18N4O4PS,4319
1627,2.5.1.3,C04327,C6H10NO4PS,6980
1607,2.5.1.32,C03427,C40H68O7P2,6254
1096,2.5.1.32,C05421,C40H64,7785
1605,2.5.1.32,C00353,C20H36O7P2,3646
569,2.5.1.36,C15510,C20H20O5,17396502
566,2.5.1.36,C15509,C20H20O5,17396501
991,2.5.1.36,C00235,C5H12O7P2,3534
1628,2.5.1.36,C01263,C15H12O5,4482
1205,2.5.1.44,C00986,C3H10N2,4233
1216,2.5.1.44,C00315,C7H19N3,3609
1202,2.5.1.44,C00134,C4H12N2,3434
1629,2.5.1.44,C06366,C8H21N3,8602
1631,2.5.1.46,C07281,C7H13N3O2R2,9490
1632,2.5.1.46,C15854,C11H20N4O2R2,47205174
1630,2.5.1.46,C07282,C11H22N4O2R2,9491
1217,2.5.1.46,C00315,C7H19N3,3609
1206,2.5.1.46,C00986,C3H10N2,4233
1633,2.5.1.46,C15853,C7H17N3,47205173
1622,2.5.1.96,C03428,C30H52O7P2,6255
1619,2.5.1.96,C00448,C15H28O7P2,3736
1108,2.5.1.96,C16144,C30H48,47205454
1634,2.6.1.114,C21805,C16H20N5O9P,
1635,2.6.1.114,C21803,C17H19N4O10P,
1636,2.6.1.114,C21804,C17H19N4O11P,
1155,2.6.1.114,C00025,C5H9NO4,3327
53,2.6.1.114,C00026,C5H6O5,3328
1156,2.6.1.52,C00025,C5H9NO4,3327
1640,2.6.1.52,C06055,C4H10NO7P,8325
1639,2.6.1.52,C03232,C3H5O7P,6103
1638,2.6.1.52,C06054,C4H7O8P,8324
1637,2.6.1.52,C01005,C3H8NO6P,4251
54,2.6.1.52,C00026,C5H6O5,3328
1641,2.6.1.82,C00555,C4H9NO,3835
1642,2.6.1.82,C15668,C4H7N,47204995
55,2.6.1.82,C00026,C5H6O5,3328
1157,2.6.1.82,C00025,C5H9NO4,3327
1203,2.6.1.82,C00134,C4H12N2,3434
1646,2.6.1.96,C00334,C4H9NO2,3628
1644,2.6.1.96,C00041,C3H7NO2,3343
1643,2.6.1.96,C00232,C4H6O3,3531
638,2.6.1.96,C00048,C2H2O3,3350
1177,2.6.1.96,C00037,C2H5NO2,3339
119,2.6.1.96,C00022,C3H4O3,3324
1648,2.6.99.1,C12347,C5H13O13P3,582737
1378,2.6.99.1,C00039,C10H17O8PR2(C5H8O5PR)n,3341
1650,2.6.99.1,C00131,C10H16N5O12P3,3431
1649,2.6.99.1,C02270,C5H11O7P(C5H8O5PR)n(C5H8O5PR)n,5330
1647,2.6.99.1,C00286,C10H16N5O13P3,3581
1654,2.7.1.151,C01284,C6H17O21P5,4503
1653,2.7.1.151,C11555,C6H16O18P4,13722
1651,2.7.1.151,C01245,C6H15O15P3,4466
1655,2.7.1.159,C01243,C6H15O15P3,4464
1659,2.7.1.159,C04477,C6H16O18P4,7097
1657,2.7.1.159,C01272,C6H16O18P4,4491
1665,2.7.1.178,C04442,C6H11O9P,7071
1663,2.7.1.178,C01216,C6H10O6,4438
1660,2.7.1.178,C00204,C6H10O6,3504
1667,2.7.1.178,C01286,C6H11O9P,4505
1672,2.7.1.214,C21371,C7H12O5,319902601
1671,2.7.1.214,C17696,C7H10O5,315431296
1670,2.7.1.214,C17697,C7H11O8P,315431297
1669,2.7.1.214,C21218,C7H13O8P,315431333
1677,2.7.1.217,C21611,C4H7O8P,340125669
1675,2.7.1.217,C03064,C4H6O5,5964
1673,2.7.1.217,C21612,C4H6O5,340125670
151,2.7.1.217,C21610,C4H7O8P,340125668
1684,2.7.2.2,C01563,CH3NO2,4721
1679,2.7.2.2,C00288,HCO3,3583
1689,2.7.2.2,C00169,CH4NO5P,3469
1694,2.7.4.14,C00239,C9H14N3O7P,3538
1693,2.7.4.14,C00705,C9H15N3O10P2,3972
1581,2.7.4.14,C00105,C9H13N2O9P,3405
1700,2.7.4.21,C20690,C6H20O30P8,172232410
1702,2.7.4.21,C11526,C6H19O27P7,13694
1696,2.7.4.21,C11174,C6H19O27P7,13356
1698,2.7.4.21,C01204,C6H18O24P6,4428
1699,2.7.4.24,C01204,C6H18O24P6,4428
1697,2.7.4.24,C11174,C6H19O27P7,13356
1701,2.7.4.24,C20690,C6H20O30P8,172232410
1703,2.7.4.24,C11526,C6H19O27P7,13694
1705,2.7.7.102,C00201,C5H12O13P3R,3501
1704,2.7.7.102,C06604,C10H14NO5PS,8830
1708,2.7.7.72,C19080,C23H33N6O18P2R(C5H8O6PR)n,124489752
1709,2.7.7.72,C19085,C33H45N11O24P3R(C5H8O6PR)n,124489757
1710,2.7.7.72,C00063,C9H16N3O14P3,3363
1713,2.7.7.72,C02211,C10H17O10PR2(C5H8O6PR)n,5279
1707,2.7.7.72,C19078,C14H21N3O11PR(C5H8O6PR)n,124489750
1714,2.7.7.79,C00044,C10H16N5O14P3,3346
1715,2.7.7.86,C00044,C10H16N5O14P3,3346
1719,2.7.7.86,C20640,C20H24N10O13P2,172232364
1727,2.7.8.26,C00144,C10H14N5O8P,3444
1726,2.7.8.26,C06510,C68H97CoN21O21P2,8741
1724,2.7.8.26,C21153,C72H101CoN18O20P2,313369413
1722,2.7.8.26,C05775,C14H18N2O4,8070
1614,2.7.8.26,C00194,C72H100CoN18O17P,3494
1720,2.7.8.26,C04778,C14H19N2O7P,7342
1732,2.7.8.38,C20627,C52H101N3O13P2,172232351
1733,2.7.8.38,C20628,C46H94NO8P,172232352
30,2.7.8.38,C00065,C3H7NO3,3365
1575,2.7.8.38,C00055,C9H14N3O8P,3357
1737,2.7.8.42,C06025,C84H154N2O37P2,8297
1572,2.7.8.42,C06026,C110H202N2O39P2,8298
1736,2.7.8.42,C00641,C5H6O5R2,3914
1734,2.7.8.42,C21173,C112H208N3O42P3,313369433
1735,2.7.8.42,C00350,C7H12NO8PR2,3643
1738,2.7.8.42,C21174,C86H160N3O40P3,313369434
1739,2.7.8.43,C00165,C5H6O5R2,3465
1741,2.8.1.2,C00957,C3H4O3S,4208
120,2.8.1.2,C00022,C3H4O3,3324
1249,2.8.1.2,C00283,H2S,3578
1246,2.8.1.2,C00342,C10H14N4O4S2R4,3635
1244,2.8.1.2,C00343,C10H12N4O4S2R4,3636
1374,2.8.1.7,C02743,C4H6N2O2SR2,5703
1645,2.8.1.7,C00041,C3H7NO2,3343
1742,2.8.1.7,C21440,C4H6N2O2S2R2,329728063
1743,2.8.1.7,C00097,C3H7NO2S,3397
1746,2.8.1.7,C15811,C4H6N2O2SR2,47205136
1747,2.8.1.7,C15812,C4H6N2O2S2R2,47205137
1757,2.8.2.14,C03642,C26H45NO8S2,6424
1751,2.8.2.14,C00054,C10H15N5O10P2,3356
1750,2.8.2.14,C15557,C26H43NO4,17396549
1749,2.8.2.14,C11301,C26H42NO7S,13476
1754,2.8.2.14,C00053,C10H15N5O13P2S,3355
1748,2.8.2.14,C02592,C26H45NO5S,5584
1494,2.8.2.24,C01069,C14H19NO6S,4308
1752,2.8.2.24,C00054,C10H15N5O10P2,3356
1496,2.8.2.24,C16517,C16H20N2O6S,51090846
1759,2.8.2.24,C02153,C14H19NO9S2,5230
1758,2.8.2.24,C05837,C16H20N2O9S2,8130
1755,2.8.2.24,C00053,C10H15N5O13P2S,3355
1753,2.8.2.33,C00054,C10H15N5O10P2,3356
1756,2.8.2.33,C00053,C10H15N5O13P2S,3355
1764,2.8.3.20,C00091,C25H40N7O19P3S,3391
1763,2.8.3.20,C00497,C4H6O5,3780
1762,2.8.3.20,C02612,C5H8O5,5597
1760,2.8.3.20,C20747,C25H40N7O20P3S,254741215
1761,2.8.3.20,C20746,C26H42N7O20P3S,254741214
297,2.8.3.20,C00042,C4H6O4,3344
1768,2.8.3.21,C20749,C28H50N8O17P3S,254741217
1769,2.8.3.21,C04114,C7H13NO2,6803
1770,2.8.3.21,C00318,C7H15NO3,3612
1771,2.8.3.21,C01181,C7H16NO2,4408
1767,2.8.3.21,C20748,C28H48N8O17P3S,254741216
1766,2.8.3.21,C20750,C28H50N8O18P3S,254741218
1775,2.8.3.22,C01011,C26H42N7O20P3S,4256
1774,2.8.3.22,C02614,C5H8O5,5599
1772,2.8.3.22,C04348,C25H40N7O20P3S,6997
1765,2.8.3.22,C00091,C25H40N7O19P3S,3391
113,2.8.3.22,C00149,C4H6O5,3449
298,2.8.3.22,C00042,C4H6O4,3344
1778,2.8.3.25,C21449,C45H74N7O18P3S,329728072
1779,2.8.3.25,C04483,C24H40O4,7102
1780,2.8.3.25,C00695,C24H40O5,3963
1776,2.8.3.25,C01794,C45H74N7O20P3S,4921
1782,2.8.3.25,C15560,C45H74N7O19P3S,17396552
703,2.8.3.25,C03990,C24H40O3,6705
1004,2.8.4.3,C05198,C10H13N5O3,7603
1015,2.8.4.3,C00073,C5H11NO2S,3373
1005,2.8.4.4,C05198,C10H13N5O3,7603
1016,2.8.4.4,C00073,C5H11NO2S,3373
1017,2.8.4.5,C00073,C5H11NO2S,3373
1006,2.8.4.5,C05198,C10H13N5O3,7603
1786,2.8.5.2,C21972,C4H6N2O2SR2,376219005
1082,2.8.5.2,C00126,C42H44FeN8O8S2R4,3426
1783,2.8.5.2,C21899,C3H5NO4S4R2,
1785,2.8.5.2,C00320,HS2O3,3614
1789,2.8.5.2,C21898,C3H5NOS2R2,
1787,2.8.5.2,C21815,C3H5NO4S3R2,
1086,2.8.5.2,C00125,C42H44FeN8O8S2R4,3425
1792,3.1.1.104,C22034,C5H9O8P,
1793,3.1.1.104,C22037,C5H11O9P,
1794,3.1.1.104,C22036,C5H9O8P,
1791,3.1.1.104,C22035,C5H11O9P,
540,3.1.1.59,C00132,CH4O,3432
1796,3.1.1.59,C19613,C18H30O3,135626102
1795,3.1.1.59,C20992,C17H28O3,254741450
1334,3.1.1.59,C09694,C16H26O3,11884
1331,3.1.1.59,C16504,C15H24O3,47205800
1800,3.1.1.79,C01885,C4H7O4R,4998
1801,3.1.1.79,C00422,C6H5O6R3,3712
1797,3.1.1.79,C00060,CO2R,3360
1740,3.1.1.79,C00165,C5H6O5R2,3465
106,3.1.1.79,C00116,C3H8O3,3416
1804,3.1.1.80,C11809,C21H26N2O3,13973
396,3.1.1.80,C00033,C2H4O2,3335
1805,3.1.1.80,C11810,C19H24N2O2,13974
1803,3.1.1.80,C15985,C22H28N2O3,47205298
1802,3.1.1.80,C06542,C20H26N2O2,8772
777,3.1.1.82,C18021,C35H36N4O5,96024241
1806,3.1.1.82,C18064,C33H34N4O3,96024283
541,3.1.1.82,C00132,CH4O,3432
1809,3.1.1.83,C11417,C10H18O3,13591
1808,3.1.1.83,C18067,C10H20O3,96024285
1807,3.1.1.83,C18066,C10H18O2,96024284
331,3.1.1.83,C11414,C10H16O2,13588
92,3.1.1.94,C20506,C20H18O9,172232255
397,3.1.1.94,C00033,C2H4O2,3335
85,3.1.1.94,C20505,C20H16O9,172232254
87,3.1.1.94,C20508,C18H16O8,172232257
89,3.1.1.94,C20507,C18H14O8,172232256
1656,3.1.3.56,C01243,C6H15O15P3,4464
1652,3.1.3.56,C01245,C6H15O15P3,4466
1810,3.1.3.56,C01220,C6H14O12P2,4442
1658,3.1.3.56,C01272,C6H16O18P4,4491
1723,3.1.3.73,C05775,C14H18N2O4,8070
1721,3.1.3.73,C04778,C14H19N2O7P,7342
1615,3.1.3.73,C00194,C72H100CoN18O17P,3494
1725,3.1.3.73,C21153,C72H101CoN18O20P2,313369413
1811,3.1.3.75,C00588,C5H15NO4P,3867
1813,3.1.3.75,C00189,C2H7NO,3489
1815,3.1.3.75,C00346,C2H8NO4P,3639
167,3.1.3.75,C00114,C5H14NO,3414
1816,3.1.3.77,C15651,C6H11O6PS,17396641
1817,3.1.3.77,C15650,C6H11O6PS,17396640
1818,3.1.3.77,C15606,C6H10O3S,17396598
1576,3.1.3.91,C00055,C9H14N3O8P,3357
1821,3.1.3.91,C03998,C11H17N5O8P,6711
1819,3.1.3.91,C00475,C9H13N3O5,3758
1824,3.1.4.56,C05925,C9H14N5O7P,8213
1823,3.1.4.56,C20567,C9H12N5O6P,172232304
1822,3.1.4.56,C20566,C9H14N5O7P,172232303
1825,3.1.4.57,C20440,C5H10O10P2,163312177
1790,3.1.6.20,C21898,C3H5NOS2R2,
1788,3.1.6.20,C21815,C3H5NO4S3R2,
1784,3.1.6.20,C21899,C3H5NO4S4R2,
1827,3.1.6.20,C00059,H2SO4,3359
1826,3.1.6.20,C21814,C3H5NOS3R2,
1828,3.13.1.5,C07331,COS,9539
1250,3.13.1.5,C00283,H2S,3578
1829,3.13.1.5,C19033,CS2,124489705
1830,3.2.1.169,C00140,C8H15NO6,3440
1524,3.2.1.169,C19802,C12H19N3O8R2,135626269
1522,3.2.1.169,C19803,C5H8N2O3R2,135626270
1519,3.2.1.169,C02189,C4H6N2O3R2,5260
96,3.2.1.182,C00031,C6H12O6,3333
1504,3.2.1.182,C04831,C15H19NO10,7392
1508,3.2.1.182,C15770,C8H7NO4,47205096
1502,3.2.1.182,C15772,C14H17NO9,47205098
1506,3.2.1.182,C04720,C9H9NO5,7292
97,3.2.1.191,C00031,C6H12O6,3333
1832,3.2.1.192,C20778,C42H72O13,254741245
1833,3.2.1.192,C20713,C54H92O23,254741182
1831,3.2.1.192,C20725,C48H82O18,254741194
98,3.2.1.192,C00031,C6H12O6,3333
99,3.2.1.193,C00031,C6H12O6,3333
100,3.2.1.194,C00031,C6H12O6,3333
1834,3.2.1.204,C00252,C12H22O11,3551
1835,3.2.1.207,C00221,C6H12O6,3521
1839,3.2.2.19,C16011,C22H34N10O15P2R2,47205322
1840,3.2.2.19,C01201,C21H35N9O15P2,4426
1836,3.2.2.19,C00301,C15H23N5O14P2,3595
1323,3.2.2.19,C00613,C7H13N5O2R2,3887
379,3.2.2.19,C00062,C6H14N4O2,3362
1837,3.2.2.6,C00301,C15H23N5O14P2,3595
1841,3.2.2.6,C13050,C15H21N5O13P2,583439
1585,3.2.2.6,C00153,C6H6N2O,3453
1842,3.3.2.11,C15992,C27H46O2,47205305
1843,3.3.2.11,C05418,C27H46O2,7783
1,3.3.2.2,C00071,CHOR,3371
1846,3.3.2.2,C00670,C8H21NO6P,3939
1845,3.3.2.2,C04517,C10H22NO6PR,7130
1844,3.3.2.2,C04635,C7H15NO6PR,7224
1847,3.3.2.2,C01233,C5H14NO6P,4454
1849,3.3.2.9,C21775,C14H21NO2,354339118
1850,3.3.2.9,C16014,C14H12O,47205325
1848,3.3.2.9,C21776,C14H23NO3,354339119
1158,3.4.19.16,C00025,C5H9NO4,3327
1853,3.5.1.100,C19780,C5H10N2O2,135626247
1854,3.5.1.100,C19778,C5H11N3O,135626245
1852,3.5.1.100,C19779,C3H8N2O,135626246
1851,3.5.1.100,C00099,C3H7NO2,3399
1194,3.5.1.101,C00148,C5H9NO2,3448
1855,3.5.1.101,C19809,C6H12N2O,135626276
1856,3.5.1.101,C19781,C5H10N2O,135626248
1857,3.5.1.109,C01190,C25H46NO8R,4416
1858,3.5.1.109,C00162,CHO2R,3462
1685,3.5.1.110,C01563,CH3NO2,4721
1860,3.5.1.110,C20250,C4H7NO3,163311993
1859,3.5.1.110,C20249,C3H5NO3,163311992
951,3.5.1.110,C20232,C5H8N2O4,163311975
953,3.5.1.110,C20231,C4H6N2O4,163311974
398,3.5.1.114,C00033,C2H4O2,3335
1861,3.5.1.114,C01021,C3H6NO2R,4266
1798,3.5.1.114,C00060,CO2R,3360
1862,3.5.1.114,C05727,C5H8NO3SR,8030
1863,3.5.1.114,C20735,C4H5NO3R2,254741203
1864,3.5.1.114,C05726,C3H6NO2SR,8029
1865,3.5.1.124,C02188,C7H13N3O2R2,5259
1375,3.5.1.124,C02743,C4H6N2O2SR2,5703
1866,3.5.1.124,C01432,C3H6O3,4615
1324,3.5.1.124,C00613,C7H13N5O2R2,3887
1867,3.5.1.14,C02882,C3H6NO2SR,5813
399,3.5.1.14,C00033,C2H4O2,3335
1799,3.5.1.14,C00060,CO2R,3360
1145,3.5.1.38,C00064,C5H10N2O3,3364
1869,3.5.1.38,C00049,C4H7NO4,3351
1872,3.5.1.38,C00152,C4H8N2O3,3452
1159,3.5.1.38,C00025,C5H9NO4,3327
1877,3.5.1.46,C20988,H2O(C6H11NO)n,254741447
1875,3.5.1.46,C01255,C12H24N2O3,4475
1876,3.5.1.46,C02378,C6H13NO2,5420
273,3.5.1.99,C00712,C18H34O2,3978
247,3.5.1.99,C00219,C20H32O2,3519
1814,3.5.1.99,C00189,C2H7NO,3489
1878,3.5.1.99,C11695,C22H37NO2,13860
1879,3.5.1.99,C19670,C18H35NO,135626138
1883,3.5.3.21,C06382,C3H7N3O3,8618
1882,3.5.3.21,C06381,C3H8N4O2,8617
1881,3.5.3.21,C06384,C2H6N2O2,8620
1880,3.5.3.21,C06383,C2H7N3O,8619
1886,3.5.4.17,C00130,C10H13N4O8P,3430
1884,3.5.4.17,C00104,C10H14N4O11P2,3404
1889,3.5.4.17,C00081,C10H15N4O14P3,3381
1893,3.5.4.45,C08734,C3H4N4O2,10927
1892,3.5.4.45,C08737,C3H6N6,10930
1891,3.5.4.45,C08733,C3H5N5O,10926
1820,3.5.4.5,C00475,C9H13N3O5,3758
1563,3.5.4.5,C00526,C9H12N2O5,3809
1894,3.5.4.5,C00881,C9H13N3O4,4137
1565,3.5.4.5,C00299,C9H12N2O6,3593
1895,3.5.5.4,C02512,C4H6N2O2,5522
1870,3.5.5.4,C00049,C4H7NO4,3351
1873,3.5.5.4,C00152,C4H8N2O3,3452
1908,3.5.99.10,C20904,C3H5NO2,254741367
121,3.5.99.10,C00022,C3H4O3,3324
1902,3.5.99.10,C20905,C4H7NO2,254741368
1896,3.5.99.10,C00109,C4H6O3,3409
1919,3.5.99.2,C20267,C6H10N4,163312007
1920,3.5.99.2,C00378,C12H17N4OS,3668
1921,3.5.99.2,C01279,C6H9N3O,4498
1922,3.5.99.2,C04294,C6H9NOS,6954
1923,3.5.99.7,C01234,C4H7NO2,4455
1924,3.5.99.7,C17234,C4H7NO2,96023642
1897,3.5.99.7,C00109,C4H6O3,3409
1903,3.5.99.7,C20905,C4H7NO2,254741368
1929,3.6.1.5,C00454,C5H11O10P2R,3740
1930,3.6.1.5,C01117,C5H10O7PR,4348
1706,3.6.1.5,C00201,C5H12O13P3R,3501
1838,3.6.1.53,C00301,C15H23N5O14P2,3595
1812,3.6.1.53,C00588,C5H15NO4P,3867
1931,3.6.1.53,C00307,C14H26N4O11P2,3601
1932,3.6.1.53,C00117,C5H11O8P,3417
1577,3.6.1.53,C00055,C9H14N3O8P,3357
1939,3.6.1.60,C20198,C10H18N5O19P5,163311941
1936,3.6.1.60,C03483,C10H17N5O16P4,6295
1937,3.6.1.60,C20190,C20H30N10O25P6,163311933
1934,3.6.1.60,C04058,C20H29N10O22P5,6757
1938,3.6.1.61,C20190,C20H30N10O25P6,163311933
1940,3.6.1.61,C01260,C20H28N10O19P4,4479
1935,3.6.1.61,C04058,C20H29N10O22P5,6757
1885,3.6.1.64,C00104,C10H14N4O11P2,3404
1943,3.6.1.64,C01344,C10H14N4O10P2,4549
1887,3.6.1.64,C00130,C10H13N4O8P,3430
1941,3.6.1.64,C06196,C10H13N4O7P,8446
1944,3.6.1.65,C00458,C9H16N3O13P3,3742
1695,3.6.1.65,C00239,C9H14N3O7P,3538
1711,3.6.1.65,C00063,C9H16N3O14P3,3363
1578,3.6.1.65,C00055,C9H14N3O8P,3357
1945,3.6.1.66,C00655,C10H13N4O9P,3925
1947,3.6.1.66,C00700,C10H15N4O15P3,3968
1948,3.6.1.66,C01345,C10H15N4O13P3,4550
1890,3.6.1.66,C00081,C10H15N4O14P3,3381
1888,3.6.1.66,C00130,C10H13N4O8P,3430
1942,3.6.1.66,C06196,C10H13N4O7P,8446
227,3.7.1.14,C12624,C9H8O6,583014
1949,3.7.1.14,C00122,C4H4O4,3422
233,3.7.1.14,C04479,C9H10O6,7099
299,3.7.1.14,C00042,C4H6O4,3344
1953,3.7.1.21,C09821,C28H42N7O18P3S,12009
1952,3.7.1.21,C09825,C28H44N7O19P3S,12013
1951,3.7.1.21,C06714,C28H46N7O20P3S,8938
1954,3.8.1.10,C15565,C2H3O3R,17396557
1958,3.8.1.10,C00462,HX,3746
1962,3.8.1.10,C02489,C2H3O3R,5502
1956,3.8.1.10,C02103,C2H2O2XR,5185
1960,3.8.1.10,C15564,C2H2O2XR,17396556
1963,3.8.1.11,C02489,C2H3O3R,5502
1959,3.8.1.11,C00462,HX,3746
1955,3.8.1.11,C15565,C2H3O3R,17396557
1957,3.8.1.11,C02103,C2H2O2XR,5185
1961,3.8.1.11,C15564,C2H2O2XR,17396556
1964,4.1.1.102,C05627,C8H8O,7942
1965,4.1.1.102,C17883,C9H10O2,103061383
1966,4.1.1.102,C07083,C8H8,9294
1967,4.1.1.102,C00811,C9H8O3,4069
1969,4.1.1.102,C01494,C10H10O4,4664
326,4.1.1.102,C00423,C9H8O2,3713
155,4.1.1.104,C00111,C3H7O6P,3411
1678,4.1.1.104,C21611,C4H7O8P,340125669
152,4.1.1.104,C21610,C4H7O8P,340125668
1970,4.1.1.28,C00643,C11H12N2O3,3916
1972,4.1.1.28,C03758,C8H11NO2,6517
841,4.1.1.28,C00355,C9H11NO4,3648
1971,4.1.1.28,C00780,C10H12N2O,4041
1680,4.1.1.93,C00288,HCO3,3583
1973,4.1.1.93,C05942,C5H5NO2,8227
1974,4.1.1.93,C19907,C4H5N,135626373
1975,4.1.1.96,C03375,C6H17N3,6210
1218,4.1.1.96,C00315,C7H19N3,3609
1197,4.1.1.96,C18174,C7H17N3O2,96024390
1208,4.1.1.96,C18172,C8H19N3O2,96024388
1977,4.1.2.42,C00820,C4H9NO3,4078
1178,4.1.2.42,C00037,C2H5NO2,3339
1976,4.1.2.42,C12317,C4H9NO3,582707
1978,4.1.2.42,C00084,C2H4O,3384
1981,4.1.2.47,C00193,C7H6O,3493
909,4.1.2.47,C01326,CHN,4537
1982,4.1.2.48,C00188,C4H9NO3,3488
1179,4.1.2.48,C00037,C2H5NO2,3339
137,4.1.2.48,C05519,C4H9NO3,7864
1979,4.1.2.48,C00084,C2H4O,3384
1668,4.1.2.55,C01286,C6H11O9P,4505
1666,4.1.2.55,C04442,C6H11O9P,7071
122,4.1.2.55,C00022,C3H4O3,3324
1411,4.1.2.55,C00118,C3H7O6P,3418
123,4.1.3.17,C00022,C3H4O3,3324
1984,4.1.3.17,C06033,C6H8O6,8305
110,4.1.3.17,C00036,C4H4O5,3338
1985,4.1.3.17,C04115,C7H8O8,6804
1986,4.1.3.24,C00100,C24H40N7O17P3S,3400
1436,4.1.3.24,C00024,C23H38N7O17P3S,3326
1987,4.1.3.24,C06027,C26H42N7O20P3S,8299
639,4.1.3.24,C00048,C2H2O3,3350
1773,4.1.3.24,C04348,C25H40N7O20P3S,6997
1988,4.1.3.41,C19838,C4H7NO5,135626305
640,4.1.3.41,C00048,C2H2O3,3350
1180,4.1.3.41,C00037,C2H5NO2,3339
1989,4.1.3.41,C19813,C4H7NO5,135626280
1909,4.1.99.1,C20904,C3H5NO2,254741367
124,4.1.99.1,C00022,C3H4O3,3324
2000,4.1.99.1,C00463,C8H7N,3747
262,4.1.99.1,C00078,C11H12N2O2,3378
1990,4.1.99.1,C02218,C3H5NO2,5284
1910,4.1.99.2,C20904,C3H5NO2,254741367
647,4.1.99.2,C00082,C9H11NO3,3382
125,4.1.99.2,C00022,C3H4O3,3324
1991,4.1.99.2,C02218,C3H5NO2,5284
2002,4.1.99.2,C00146,C6H6O,3446
2003,4.2.1.104,C01417,CHNO,4604
1681,4.2.1.104,C00288,HCO3,3583
1686,4.2.1.104,C01563,CH3NO2,4721
2004,4.2.1.105,C06563,C15H10O5,8792
2005,4.2.1.105,C10208,C15H10O4,12394
732,4.2.1.105,C12631,C15H12O6,583021
735,4.2.1.105,C15567,C15H12O5,17396559
2007,4.2.1.110,C19821,C6H8O4,135626288
2008,4.2.1.110,C19822,C6H8O4,135626289
2006,4.2.1.110,C06485,C6H10O5,8716
59,4.2.1.114,C05662,C7H10O7,7972
2010,4.2.1.114,C04002,C7H8O6,6715
2009,4.2.1.114,C01251,C7H10O7,4471
2012,4.2.1.131,C19894,C40H60O2,135626360
1130,4.2.1.131,C05432,C40H56,7796
2011,4.2.1.131,C19795,C40H58O,135626262
2013,4.2.1.136,C04899,C21H32N7O18P3,7449
2016,4.2.1.136,C04856,C21H31N7O15P2,7411
2019,4.2.1.140,C00880,C6H12O7,4136
1661,4.2.1.140,C00204,C6H10O6,3504
1664,4.2.1.140,C01216,C6H10O6,4438
2020,4.2.1.140,C00257,C6H12O7,3556
2021,4.2.1.155,C20968,C25H42N7O18P3S2,254741427
1284,4.2.1.155,C00409,CH4S,3699
1980,4.2.1.155,C00084,C2H4O,3384
2022,4.2.1.155,C05989,C24H38N7O18P3S,8265
2023,4.2.1.155,C00222,C3H4O3,3522
2024,4.2.1.155,C20955,C25H40N7O17P3S2,254741416
2025,4.2.1.159,C06620,C16H22N2O14P2,8846
2026,4.2.1.159,C11907,C16H24N2O15P2,14069
2027,4.2.1.159,C11930,C16H22N2O14P2,14091
342,4.2.1.165,C02139,C35H34MgN4O5,5218
142,4.2.1.165,C18153,C35H38MgN4O6,96024370
145,4.2.1.165,C18154,C35H36MgN4O6,96024371
1106,4.2.1.165,C18152,C35H36MgN4O5,96024369
1160,4.2.1.168,C00025,C5H9NO4,3327
21,4.2.1.168,C01222,C16H23N5O15P2,4444
2028,4.2.1.168,C20612,C16H23N5O14P2,172232337
56,4.2.1.168,C00026,C5H6O5,3328
263,4.2.1.20,C00078,C11H12N2O2,3378
31,4.2.1.20,C00065,C3H7NO3,3365
2029,4.2.1.20,C03506,C11H14NO6P,6317
1412,4.2.1.20,C00118,C3H7O6P,3418
2001,4.2.1.20,C00463,C8H7N,3747
2031,4.2.1.3,C00158,C6H8O7,3458
2030,4.2.1.3,C00417,C6H6O6,3707
62,4.2.1.3,C00311,C6H8O7,3605
2033,4.2.1.33,C02504,C7H12O5,5516
2032,4.2.1.33,C02631,C7H10O4,5611
159,4.2.1.33,C04411,C7H12O5,7045
2014,4.2.1.93,C04899,C21H32N7O18P3,7449
2017,4.2.1.93,C04856,C21H31N7O15P2,7411
2035,4.2.3.188,C01230,C30H52O7P2,4452
2036,4.2.3.188,C21718,C35H56,350078295
2037,4.2.3.188,C04216,C35H60O7P2,6889
2038,4.2.3.188,C21716,C25H40,350078293
2039,4.2.3.188,C04217,C25H44O7P2,6890
2034,4.2.3.188,C21717,C30H48,350078294
2041,4.2.3.67,C19753,C15H24,135626220
2040,4.2.3.67,C19754,C15H24,135626221
1620,4.2.3.67,C00448,C15H28O7P2,3736
126,4.3.1.13,C00022,C3H4O3,3324
1911,4.3.1.13,C20904,C3H5NO2,254741367
1992,4.3.1.13,C02218,C3H5NO2,5284
2042,4.3.1.13,C03015,C4H8N2O4,5921
32,4.3.1.17,C00065,C3H7NO3,3365
1912,4.3.1.17,C20904,C3H5NO2,254741367
1993,4.3.1.17,C02218,C3H5NO2,5284
127,4.3.1.17,C00022,C3H4O3,3324
2043,4.3.1.18,C00740,C3H7NO3,4003
1913,4.3.1.18,C20904,C3H5NO2,254741367
1994,4.3.1.18,C02218,C3H5NO2,5284
128,4.3.1.18,C00022,C3H4O3,3324
1983,4.3.1.19,C00188,C4H9NO3,3488
1898,4.3.1.19,C00109,C4H6O3,3409
1925,4.3.1.19,C17234,C4H7NO2,96023642
1904,4.3.1.19,C20905,C4H7NO2,254741368
1968,4.3.1.25,C00811,C9H8O3,4069
671,4.3.1.25,C00079,C9H11NO2,3379
327,4.3.1.25,C00423,C9H8O2,3713
648,4.3.1.25,C00082,C9H11NO3,3382
2044,4.3.1.9,C20844,C6H11NO5,254741310
2046,4.3.1.9,C20845,C6H11NO5,254741311
1662,4.3.1.9,C00204,C6H10O6,3504
2045,4.3.1.9,C03752,C6H13NO6,6511
1161,4.3.2.10,C00025,C5H9NO4,3327
2047,4.3.2.10,C04666,C6H11N2O6P,7249
2048,4.3.2.10,C04916,C15H25N5O15P2,7464
2049,4.3.2.10,C04677,C9H15N4O8P,7258
1146,4.3.2.10,C00064,C5H10N2O3,3364
2050,4.3.2.2,C04677,C9H15N4O8P,7258
2051,4.3.2.2,C04823,C13H19N4O12P,7384
2052,4.3.2.2,C03794,C14H18N5O11P,6543
1950,4.3.2.2,C00122,C4H4O4,3422
1933,4.3.3.6,C00117,C5H11O8P,3417
1162,4.3.3.6,C00025,C5H9NO4,3327
1413,4.3.3.6,C00118,C3H7O6P,3418
1147,4.3.3.6,C00064,C5H10N2O3,3364
1744,4.4.1.1,C00097,C3H7NO2S,3397
1899,4.4.1.1,C00109,C4H6O3,3409
2053,4.4.1.1,C02291,C7H14N2O4S,5347
1905,4.4.1.1,C20905,C4H7NO2,254741368
1926,4.4.1.1,C17234,C4H7NO2,96023642
1900,4.4.1.11,C00109,C4H6O3,3409
1906,4.4.1.11,C20905,C4H7NO2,254741368
1927,4.4.1.11,C17234,C4H7NO2,96023642
1018,4.4.1.11,C00073,C5H11NO2S,3373
1285,4.4.1.11,C00409,CH4S,3699
1914,4.4.1.13,C20904,C3H5NO2,254741367
1995,4.4.1.13,C02218,C3H5NO2,5284
1868,4.4.1.13,C02882,C3H6NO2SR,5813
129,4.4.1.13,C00022,C3H4O3,3324
2054,4.4.1.13,C00145,HSR,3445
1928,4.4.1.2,C17234,C4H7NO2,96023642
1907,4.4.1.2,C20905,C4H7NO2,254741368
1251,4.4.1.2,C00283,H2S,3578
1901,4.4.1.2,C00109,C4H6O3,3409
2055,4.4.1.2,C00155,C4H9NO2S,3455
1282,4.4.1.23,C03576,C2H6O3S2,6368
2058,4.4.1.23,C11498,C5H12O4S2,13668
2056,4.4.1.23,C11507,C3H6O,13677
2057,4.4.1.23,C11496,C5H12O4S2,13666
2059,4.4.1.25,C00506,C3H7NO5S,3789
130,4.4.1.25,C00022,C3H4O3,3324
1996,4.4.1.25,C02218,C3H5NO2,5284
1915,4.4.1.25,C20904,C3H5NO2,254741367
1252,4.4.1.28,C00283,H2S,3578
1916,4.4.1.28,C20904,C3H5NO2,254741367
1997,4.4.1.28,C02218,C3H5NO2,5284
131,4.4.1.28,C00022,C3H4O3,3324
1745,4.4.1.28,C00097,C3H7NO2S,3397
1917,4.4.1.35,C20904,C3H5NO2,254741367
2060,4.4.1.35,C00491,C6H12N2O4S2,3774
2061,4.4.1.35,C01962,C3H7NO2S2,5063
1998,4.4.1.35,C02218,C3H5NO2,5284
132,4.4.1.35,C00022,C3H4O3,3324
133,4.4.1.36,C00022,C3H4O3,3324
2062,4.4.1.36,C20994,C12H21N4O5S,254741452
2063,4.4.1.36,C21731,C9H16N3O3S,350078308
2064,4.4.1.36,C05570,C9H16N3O2S,7896
2069,4.4.1.37,C21851,C12H15NO11P,375580944
2065,4.4.1.37,C21767,C12H15NO9PS2,354264358
2066,4.4.1.37,C21879,C22H27N6O16P2S,
2067,4.4.1.37,C21878,C12H15NO10PS,
2068,4.4.1.37,C21877,C22H27N6O17P2,
2070,4.5.1.2,C02634,C3H6ClNO2,5614
391,4.5.1.2,C00698,Cl,3966
134,4.5.1.2,C00022,C3H4O3,3324
1999,4.5.1.2,C02218,C3H5NO2,5284
1918,4.5.1.2,C20904,C3H5NO2,254741367
2071,4.6.1.19,C00046,C10H18O13P2R2(C5H8O6PR)n,3348
343,4.99.1.10,C02139,C35H34MgN4O5,5218
2076,4.99.1.10,C00305,Mg,3599
2074,4.99.1.10,C05797,C55H74N4O5,8092
2075,4.99.1.10,C05306,C55H72MgN4O5,7688
778,4.99.1.10,C18021,C35H36N4O5,96024241
2080,5.1.1.14,C17351,C23H26N4O8,96023704
2079,5.1.1.14,C17352,C23H26N4O8,96023705
2078,5.1.1.14,C01941,C23H24N4O9,5045
2077,5.1.1.14,C00927,C23H24N4O9,4180
2081,5.1.1.22,C21513,C7H13NO3,336445151
2082,5.1.1.22,C08269,C7H13NO3,10468
2083,5.1.1.22,C10172,C7H13NO2,12358
2084,5.1.1.22,C21514,C7H13NO2,336445152
1479,5.1.3.31,C00095,C6H12O6,3395
2086,5.1.3.31,C00764,C6H12O6,4026
2085,5.1.3.31,C06468,C6H12O6,8700
2087,5.1.3.31,C00795,C6H12O6,4053
2088,5.1.99.6,C20482,C21H31N7O15P2,163312219
2089,5.1.99.6,C20483,C21H32N7O18P3,163312220
2018,5.1.99.6,C04856,C21H31N7O15P2,7411
2015,5.1.99.6,C04899,C21H32N7O18P3,7449
1674,5.3.1.35,C21612,C4H6O5,340125670
1676,5.3.1.35,C03064,C4H6O5,5964
2090,5.3.1.35,C21618,C4H6O5,340650282
2091,5.3.1.35,C21617,C4H6O5,340650281
799,5.3.99.8,C08614,C40H56O4,10807
2092,5.3.99.8,C08585,C40H56O4,10778
796,5.3.99.8,C08579,C40H56O3,10772
2093,5.3.99.8,C08584,C40H56O3,10777
2096,5.4.2.11,C00197,C3H7O7P,3497
2094,5.4.2.11,C01159,C3H8O10P2,4387
2095,5.4.2.11,C00631,C3H7O7P,3904
2098,5.4.3.3,C01186,C6H14N2O2,4412
2097,5.4.3.3,C00739,C6H14N2O2,4002
2099,5.4.3.3,C05161,C6H14N2O2,7577
2100,5.4.3.3,C01142,C6H14N2O2,4373
1393,5.5.1.24,C14156,C27H40O2,7846968
1391,5.5.1.24,C14151,C27H46O2,7846963
1389,5.5.1.24,C14155,C28H42O2,7846967
1396,5.5.1.24,C02483,C28H48O2,5496
2101,5.5.1.24,C20738,C28H42O2,254741206
2102,5.5.1.24,C15883,C28H48O2,47205203
1309,5.5.1.24,C20737,C27H40O2,254741205
1312,5.5.1.24,C15882,C27H46O2,47205202
2103,5.5.1.27,C21095,C6H8O7,310920476
2104,5.5.1.27,C20896,C6H8O7,254741359
2105,5.5.1.27,C00679,C6H8O7,3948
1543,6.1.2.2,C01822,C18H36N4O11,4946
2106,6.1.2.2,C20684,C11H15N6O8P,172232404
2107,6.1.2.2,C00397,C18H37N5O9,3687
1690,6.1.2.2,C00169,CH4NO5P,3469
2108,6.1.2.2,C20699,C19H37N5O12,172232419
2109,6.1.2.2,C18001,C19H38N6O10,96024221
1163,6.2.1.39,C00025,C5H9NO4,3327
2110,6.2.1.49,C00638,C3H5O2R,3911
916,6.2.1.50,C00156,C7H6O3,3456
2111,6.2.1.50,C21497,C17H18N5O9P,333497480
2112,6.2.1.51,C21446,C23H38O3,329728069
2113,6.2.1.51,C21448,C25H42O3,329728071
1195,6.2.1.53,C00148,C5H9NO2,3448
2114,6.2.1.53,C20656,C15H21N6O8P,
2115,6.2.1.54,C00133,C3H7NO2,3433
2116,6.2.1.55,C21901,C14H19N7O9PR,
2117,6.2.1.55,C21900,C4H7N2O3R,
1777,6.2.1.7,C01794,C45H74N7O20P3S,4921
1781,6.2.1.7,C00695,C24H40O5,3963
2122,6.3.1.10,C03194,C3H9NO,6071
2118,6.3.1.10,C06507,C55H77CoN15O11,8738
2119,6.3.1.10,C06509,C58H85CoN16O14P,8740
2120,6.3.1.10,C04122,C3H10NO4P,6809
2121,6.3.1.10,C06508,C58H84CoN16O11,8739
2126,6.3.1.20,C16238,C18H26N5O8PS2,47205546
2125,6.3.1.20,C16241,C8H14O2S2,47205549
2124,6.3.1.20,C16237,C8H14NOS2R,47205545
2123,6.3.1.20,C16240,NH2R,47205548
244,6.3.1.9,C00051,C10H17N3O6S,3353
1219,6.3.1.9,C00315,C7H19N3,3609
2127,6.3.1.9,C05730,C17H34N6O5S,8032
2128,6.3.1.9,C02090,C27H49N9O10S2,5175
2132,6.3.2.47,C20966,C7H11N3O4,254741426
2133,6.3.2.47,C00123,C6H13NO2,3423
2129,6.3.2.47,C20964,C13H22N4O5,254741425
2134,6.3.2.47,C20962,C12H20N4O5,254741423
2135,6.3.2.47,C20967,C7H11N3O5,318172258
2130,6.3.2.47,C20963,C13H22N4O5,254741424
2131,6.3.2.47,C20965,C12H20N4O6,318172257
664,6.3.2.47,C00407,C6H13NO2,3697
657,6.3.2.47,C00183,C5H11NO2,3483
1682,6.3.4.16,C00288,HCO3,3583
1687,6.3.4.16,C01563,CH3NO2,4721
1691,6.3.4.16,C00169,CH4NO5P,3469
2136,6.3.4.16,C20969,CH3O6P,254741428
1164,6.3.4.2,C00025,C5H9NO4,3327
1712,6.3.4.2,C00063,C9H16N3O14P3,3363
1148,6.3.4.2,C00064,C5H10N2O3,3364
2138,6.3.4.2,C00075,C9H15N2O15P3,3375
1165,6.3.5.11,C00025,C5H9NO4,3327
1612,6.3.5.11,C06504,C45H61CoN6O12,8735
2139,6.3.5.11,C05773,C45H59CoN4O14,8068
2140,6.3.5.11,C19724,C45H60CoN5O13,135626191
1149,6.3.5.11,C00064,C5H10N2O3,3364
1728,6.3.5.2,C00144,C10H14N5O8P,3444
1150,6.3.5.2,C00064,C5H10N2O3,3364
1166,6.3.5.2,C00025,C5H9NO4,3327
1946,6.3.5.2,C00655,C10H13N4O9P,3925
1151,6.3.5.4,C00064,C5H10N2O3,3364
1874,6.3.5.4,C00152,C4H8N2O3,3452
1871,6.3.5.4,C00049,C4H7NO4,3351
1167,6.3.5.4,C00025,C5H9NO4,3327
2137,6.3.5.5,C20969,CH3O6P,254741428
1692,6.3.5.5,C00169,CH4NO5P,3469
1688,6.3.5.5,C01563,CH3NO2,4721
1152,6.3.5.5,C00064,C5H10N2O3,3364
1683,6.3.5.5,C00288,HCO3,3583
1168,6.3.5.5,C00025,C5H9NO4,3327
1379,6.5.1.1,C00039,C10H17O8PR2(C5H8O5PR)n,3341
1380,6.5.1.2,C00039,C10H17O8PR2(C5H8O5PR)n,3341
2072,6.5.1.3,C00046,C10H18O13P2R2(C5H8O6PR)n,3348
1716,6.5.1.5,C00044,C10H16N5O14P3,3346
1729,6.5.1.5,C00144,C10H14N5O8P,3444
1381,6.5.1.6,C00039,C10H17O8PR2(C5H8O5PR)n,3341
1730,6.5.1.7,C00144,C10H14N5O8P,3444
1717,6.5.1.7,C00044,C10H16N5O14P3,3346
1382,6.5.1.7,C00039,C10H17O8PR2(C5H8O5PR)n,3341
1718,6.5.1.8,C00044,C10H16N5O14P3,3346
2073,6.5.1.8,C00046,C10H18O13P2R2(C5H8O6PR)n,3348
1731,6.5.1.8,C00144,C10H14N5O8P,3444
2142,7.1.1.7,C00390,C14H20O4(C5H8)n,3680
2141,7.1.1.7,C05359,,7736
2143,7.1.1.7,C00399,C14H18O4(C5H8)n,3689
