,entry,product
0,1.1.1.1,C00071
3,1.1.1.1,C01450
4,1.1.1.1,C00226
6,1.1.1.1,C01612
7,1.1.1.38,C00022
10,1.1.1.38,C00149
12,1.1.1.38,C00036
13,1.1.1.40,C00022
16,1.1.1.40,C00149
18,1.1.1.40,C00036
19,1.1.1.42,C00026
23,1.1.1.42,C05379
24,1.1.1.42,C00311
27,1.1.1.85,C00233
31,1.1.1.85,C04236
32,1.1.1.85,C04411
37,1.1.1.110,C01179
38,1.1.1.110,C00331
39,1.1.1.110,C05607
41,1.1.1.110,C03964
42,1.1.1.110,C22006
43,1.1.1.153,C00835
46,1.1.1.153,C03684
47,1.1.1.153,C02953
49,1.1.1.153,C00272
50,1.1.1.187,C01222
54,1.1.1.187,C03117
57,1.1.1.187,C02977
58,1.1.1.203,C20889
61,1.1.1.203,C20890
63,1.1.1.237,C01179
67,1.1.1.237,C04045
68,1.1.1.237,C03964
71,1.1.1.237,C22038
72,1.1.1.276,C06735
76,1.1.1.276,C11822
77,1.1.1.276,C00065
80,1.1.1.282,C00944
84,1.1.1.282,C02637
85,1.1.1.282,C00296
88,1.1.1.282,C00493
89,1.1.1.286,C00026
92,1.1.1.286,C00322
94,1.1.1.286,C00311
96,1.1.1.286,C05662
97,1.1.1.287,C00310
100,1.1.1.287,C00309
101,1.1.1.287,C01904
103,1.1.1.297,C18019
106,1.1.1.297,C11937
107,1.1.1.297,C18020
109,1.1.1.297,C07276
110,1.1.1.297,C19082
111,1.1.1.324,C17622
114,1.1.1.324,C20222
115,1.1.1.324,C20223
116,1.1.1.324,C17621
120,1.1.1.325,C00835
123,1.1.1.325,C03684
124,1.1.1.325,C20263
126,1.1.1.325,C20264
127,1.1.1.352,C20502
130,1.1.1.352,C20500
132,1.1.1.352,C20501
133,1.1.1.353,C20503
136,1.1.1.353,C20505
137,1.1.1.353,C20507
138,1.1.1.353,C20504
140,1.1.1.353,C20506
141,1.1.1.353,C20508
142,1.1.1.360,C00198
145,1.1.1.360,C02669
146,1.1.1.360,C00031
148,1.1.1.360,C00124
149,1.1.1.372,C02426
152,1.1.1.372,C00577
153,1.1.1.372,C00116
155,1.1.1.381,C01888
159,1.1.1.381,C03508
160,1.1.1.381,C05519
163,1.1.1.387,C06735
167,1.1.1.387,C11822
168,1.1.1.387,C00065
173,1.1.1.394,C21140
176,1.1.1.396,C18155
179,1.1.1.396,C18153
181,1.1.1.396,C18154
184,1.1.1.398,C21374
187,1.1.1.408,C00111
191,1.1.1.408,C21610
192,1.1.1.408,C21585
195,1.1.1.409,C00111
199,1.1.1.409,C03393
201,1.1.3.8,C00072
203,1.1.3.8,C03289
204,1.1.3.8,C01040
207,1.1.3.17,C00719
209,1.1.3.17,C00576
210,1.1.3.17,C00114
214,1.1.3.28,C11631
216,1.1.3.28,C01993
217,1.1.3.28,C00294
220,1.1.3.39,C11501
222,1.1.3.39,C11500
223,1.1.3.39,C00212
227,1.1.3.47,C20450
229,1.1.3.47,C20899
230,1.1.3.47,C20900
231,1.1.3.47,C20449
232,1.1.3.47,C20901
233,1.1.3.47,C11101
241,1.1.99.29,C15592
243,1.1.99.29,C15594
244,1.1.99.41,C21678
246,1.1.99.41,C21683
247,1.1.99.41,C04578
249,1.1.99.41,C21682
250,1.2.1.31,C00956
254,1.2.1.31,C00450
256,1.2.1.31,C04076
261,1.2.1.95,C00956
265,1.2.1.95,C04076
269,1.2.3.15,C00048
271,1.2.3.15,C00022
272,1.2.3.15,C14448
275,1.2.3.15,C00546
276,1.2.99.10,C21768
278,1.2.99.10,C21770
279,1.2.99.10,C21766
282,1.2.99.10,C19798
283,1.3.1.1,C00106
286,1.3.1.1,C00178
287,1.3.1.1,C00429
289,1.3.1.1,C00906
290,1.3.1.3,C00599
293,1.3.1.3,C00762
294,1.3.1.3,C03091
296,1.3.1.81,C09893
299,1.3.1.81,C00843
301,1.3.1.81,C11952
302,1.3.1.87,C04044
305,1.3.1.87,C12623
306,1.3.1.87,C11588
308,1.3.1.87,C12622
319,1.3.1.107,C06162
323,1.3.1.107,C06327
324,1.3.1.107,C05191
327,1.3.1.107,C05194
328,1.3.1.112,C21381
331,1.3.1.112,C21379
333,1.3.1.112,C21380
334,1.3.1.114,C21906
337,1.3.1.114,C21908
338,1.3.1.114,C21905
341,1.3.1.114,C21907
343,1.3.1.115,C21469
346,1.3.1.115,C21471
347,1.3.1.115,C21910
349,1.3.1.115,C21909
350,1.3.1.117,C00223
353,1.3.1.117,C00406
354,1.3.1.117,C21913
356,1.3.1.117,C21914
357,1.3.2.3,C05422
358,1.3.2.3,C00126
360,1.3.2.3,C00072
361,1.3.2.3,C01115
362,1.3.2.3,C00125
364,1.3.3.13,C20520
366,1.3.3.13,C20521
367,1.3.3.13,C20519
370,1.3.5.5,C19764
371,1.3.5.5,C16693
372,1.3.5.5,C19765
373,1.3.5.5,C05421
374,1.3.5.5,C02061
376,1.3.5.6,C15858
377,1.3.5.6,C15603
378,1.3.5.6,C19759
379,1.3.5.6,C15857
380,1.3.5.6,C15602
382,1.3.7.15,C02139
383,1.3.7.15,C00138
387,1.3.7.15,C18154
388,1.3.7.15,C18152
389,1.3.7.15,C00139
392,1.3.7.15,C18155
393,1.3.7.15,C18153
395,1.3.8.2,C16144
397,1.3.8.6,C00877
399,1.3.8.6,C04570
400,1.3.8.6,C02411
401,1.3.8.6,C00527
402,1.3.8.6,C04253
404,1.3.99.25,C01767
406,1.3.99.25,C11383
408,1.3.99.26,C05432
410,1.3.99.26,C05431
411,1.3.99.26,C05430
414,1.3.99.28,C05431
416,1.3.99.28,C05414
417,1.3.99.28,C05430
418,1.3.99.28,C05421
422,1.3.99.29,C05430
424,1.3.99.29,C05414
425,1.3.99.29,C05421
428,1.3.99.30,C15867
430,1.3.99.30,C05414
431,1.3.99.30,C05430
432,1.3.99.30,C05431
433,1.3.99.30,C05432
434,1.3.99.30,C05421
440,1.3.99.31,C05432
442,1.3.99.31,C05414
443,1.3.99.31,C05430
444,1.3.99.31,C05431
445,1.3.99.31,C05421
450,1.3.99.37,C22059
452,1.3.99.37,C22058
454,1.3.99.37,C22060
455,1.4.1.13,C00064
456,1.4.1.13,C00026
461,1.4.1.13,C00025
465,1.4.1.18,C00450
469,1.4.1.18,C04076
471,1.4.1.18,C00047
478,1.4.3.5,C00647
481,1.4.3.5,C00627
482,1.4.3.15,C00026
485,1.4.3.15,C00036
486,1.4.3.15,C00217
489,1.4.3.15,C00402
490,1.4.3.19,C00048
493,1.4.3.19,C15809
494,1.4.3.19,C00037
498,1.4.7.1,C00064
499,1.4.7.1,C00026
500,1.4.7.1,C00138
504,1.4.7.1,C00025
505,1.4.7.1,C00139
508,1.4.99.6,C03771
511,1.4.99.6,C21026
512,1.4.99.6,C00792
516,1.5.1.1,C04092
520,1.5.1.1,C03564
521,1.5.1.1,C00408
524,1.5.1.1,C00148
525,1.5.1.21,C04092
528,1.5.1.21,C03564
529,1.5.1.21,C00408
531,1.5.1.21,C00148
532,1.5.1.43,C00441
533,1.5.1.43,C00986
536,1.5.1.43,C00134
537,1.5.1.43,C18174
540,1.5.1.43,C18172
541,1.5.3.5,C01297
543,1.5.3.5,C21075
544,1.5.3.5,C01056
548,1.5.3.6,C01297
550,1.5.3.6,C21075
551,1.5.3.6,C03043
555,1.5.3.12,C06162
557,1.5.3.12,C06327
558,1.5.3.12,C06165
559,1.5.3.12,C05191
561,1.5.3.12,C05194
562,1.5.3.12,C05316
563,1.5.3.13,C00134
564,1.5.3.13,C18170
566,1.5.3.13,C00315
567,1.5.3.13,C00612
570,1.5.3.13,C02567
571,1.5.3.17,C00315
572,1.5.3.17,C05665
574,1.5.3.17,C00134
575,1.5.3.17,C18170
576,1.5.3.17,C00750
580,1.5.3.17,C02567
581,1.5.3.17,C00612
585,1.6.3.5,C21423
588,1.6.3.5,C21424
589,1.7.1.16,C06813
592,1.7.1.16,C06876
593,1.7.1.16,C02720
597,1.7.2.6,C00088
598,1.7.2.6,C00126
600,1.7.2.6,C00533
601,1.7.2.6,C00192
603,1.7.2.6,C00125
604,1.7.3.6,C00088
607,1.7.3.6,C20937
608,1.7.3.6,C00126
609,1.7.3.6,C00125
610,1.7.3.6,C00192
616,1.8.4.11,C03895
617,1.8.4.11,C00342
618,1.8.4.11,C15999
619,1.8.4.11,C03023
620,1.8.4.11,C00343
622,1.8.4.11,C00073
623,1.8.99.5,C00094
626,1.8.99.5,C00283
629,1.10.3.16,C21409
631,1.10.3.16,C21410
632,1.10.3.16,C21412
633,1.10.3.16,C21408
636,1.10.3.16,C21411
637,1.10.3.16,C21413
640,1.11.1.8,C16732
641,1.11.1.8,C16731
642,1.11.1.8,C16729
643,1.11.1.8,C16734
644,1.11.1.8,C16730
645,1.11.1.8,C00708
648,1.11.1.8,C16733
651,1.11.1.11,C00072
652,1.11.1.11,C05422
654,1.11.1.11,C01041
659,1.11.1.14,C02201
660,1.11.1.14,C01502
661,1.11.1.14,C00266
663,1.11.1.14,C21421
664,1.11.1.14,C21419
666,1.11.1.14,C21420
667,1.11.1.16,C00755
668,1.11.1.16,C01502
669,1.11.1.16,C00266
672,1.11.1.16,C21422
681,1.13.11.12,C01595
683,1.13.11.12,C06427
684,1.13.11.16,C04479
685,1.13.11.16,C12624
686,1.13.11.16,C04044
688,1.13.11.16,C12623
689,1.13.11.18,C00051
690,1.13.11.18,C00094
692,1.13.11.18,C21787
693,1.13.11.18,C17267
697,1.13.11.34,C00909
699,1.13.11.34,C05356
700,1.13.11.34,C00219
703,1.13.11.51,C13453
704,1.13.11.51,C19812
705,1.13.11.51,C14045
706,1.13.11.51,C19811
708,1.13.11.51,C13433
709,1.13.11.51,C13431
710,1.13.11.52,C15605
711,1.13.11.52,C02700
712,1.13.11.52,C00525
714,1.13.11.52,C00078
715,1.13.11.64,C20366
716,1.13.11.64,C00088
717,1.13.11.64,C20367
718,1.13.11.64,C19789
721,1.13.11.77,C20702
722,1.13.11.77,C20703
723,1.13.11.77,C20704
724,1.13.11.77,C00712
726,1.13.11.77,C01595
727,1.13.11.77,C06427
728,1.13.11.84,C19730
729,1.13.11.84,C19731
730,1.13.11.84,C20894
731,1.13.11.84,C06098
735,1.13.12.5,C00982
738,1.13.12.24,C15037
740,1.13.12.24,C00076
741,1.14.11.21,C06657
742,1.14.11.21,C00042
744,1.14.11.21,C06659
746,1.14.11.21,C06660
747,1.14.11.21,C06656
748,1.14.11.21,C00026
750,1.14.11.21,C06658
752,1.14.11.25,C15501
753,1.14.11.25,C00042
755,1.14.11.25,C15502
756,1.14.11.25,C15500
757,1.14.11.25,C00026
759,1.14.11.25,C15485
760,1.14.11.27,C00042
761,1.14.11.27,C00067
763,1.14.11.27,C05544
764,1.14.11.27,C05545
765,1.14.11.27,C00026
768,1.14.11.36,C20397
769,1.14.11.36,C00042
772,1.14.11.36,C20398
773,1.14.11.36,C20399
774,1.14.11.36,C00026
777,1.14.11.43,C03359
778,1.14.11.43,C00022
779,1.14.11.43,C00042
781,1.14.11.43,C02625
782,1.14.11.43,C20686
783,1.14.11.43,C00026
785,1.14.11.43,C20687
786,1.14.11.44,C03359
787,1.14.11.44,C00022
788,1.14.11.44,C00042
790,1.14.11.44,C02625
791,1.14.11.44,C18608
792,1.14.11.44,C00026
794,1.14.11.44,C20685
795,1.14.12.19,C11588
797,1.14.12.19,C12623
801,1.14.12.19,C00423
802,1.14.13.39,C00327
803,1.14.13.39,C00533
806,1.14.13.39,C00062
810,1.14.13.50,C18933
812,1.14.13.50,C00698
814,1.14.13.50,C03434
815,1.14.13.50,C02575
819,1.14.13.50,C15505
820,1.14.13.54,C15506
821,1.14.13.54,C15507
824,1.14.13.54,C03027
825,1.14.13.54,C04676
826,1.14.13.54,C00280
827,1.14.13.54,C00033
828,1.14.13.54,C06479
832,1.14.13.54,C00410
834,1.14.13.54,C01176
835,1.14.13.81,C11831
838,1.14.13.81,C04536
842,1.14.13.105,C18027
845,1.14.13.105,C11414
846,1.14.13.105,C00843
850,1.14.13.105,C18019
851,1.14.13.106,C17954
854,1.14.13.106,C17953
855,1.14.13.106,C17955
856,1.14.13.106,C16269
869,1.14.13.122,C16541
872,1.14.13.122,C02139
876,1.14.13.127,C04044
879,1.14.13.127,C12623
880,1.14.13.127,C11457
884,1.14.13.127,C12621
885,1.14.13.178,C07480
889,1.14.13.178,C00067
890,1.14.13.178,C16357
891,1.14.13.178,C16353
892,1.14.13.178,C07481
897,1.14.13.178,C07130
898,1.14.13.178,C13747
899,1.14.13.179,C16353
903,1.14.13.179,C00067
904,1.14.13.179,C00385
905,1.14.13.179,C07480
910,1.14.13.179,C16357
911,1.14.13.181,C12430
914,1.14.13.181,C01907
915,1.14.13.181,C12429
920,1.14.13.187,C20767
923,1.14.13.187,C20766
924,1.14.13.187,C20765
929,1.14.13.222,C21141
933,1.14.13.222,C21331
934,1.14.13.222,C21330
940,1.14.13.224,C21135
944,1.14.13.224,C21132
945,1.14.13.224,C21134
949,1.14.13.224,C21131
950,1.14.14.14,C00058
952,1.14.14.14,C03161
953,1.14.14.14,C05294
954,1.14.14.14,C05295
955,1.14.14.14,C00468
956,1.14.14.14,C05290
957,1.14.14.14,C00535
959,1.14.14.14,C03024
962,1.14.14.14,C00280
964,1.14.14.14,C05297
965,1.14.14.21,C21150
968,1.14.14.21,C21149
969,1.14.14.21,C20125
970,1.14.14.21,C01847
973,1.14.14.29,C15520
974,1.14.14.29,C03161
976,1.14.14.29,C15519
977,1.14.14.29,C03024
979,1.14.14.30,C21369
983,1.14.14.30,C02787
986,1.14.14.30,C01847
987,1.14.14.32,C00280
988,1.14.14.32,C00033
989,1.14.14.32,C03161
991,1.14.14.32,C01227
992,1.14.14.32,C01176
993,1.14.14.32,C03024
995,1.14.14.32,C05138
996,1.14.14.33,C00048
999,1.14.14.33,C21396
1000,1.14.14.33,C00284
1001,1.14.14.33,C01847
1004,1.14.14.36,C04350
1005,1.14.14.36,C03161
1008,1.14.14.36,C03004
1009,1.14.14.36,C15503
1010,1.14.14.36,C00082
1012,1.14.14.36,C03024
1015,1.14.14.37,C03742
1016,1.14.14.37,C03161
1018,1.14.14.37,C04353
1019,1.14.14.37,C03766
1020,1.14.14.37,C04350
1021,1.14.14.37,C03024
1025,1.14.14.38,C03219
1026,1.14.14.38,C03161
1029,1.14.14.38,C20313
1030,1.14.14.38,C20314
1031,1.14.14.38,C00183
1032,1.14.14.38,C03024
1036,1.14.14.39,C03161
1039,1.14.14.39,C20310
1040,1.14.14.39,C20311
1041,1.14.14.39,C00407
1042,1.14.14.39,C03024
1046,1.14.14.40,C19714
1047,1.14.14.40,C03161
1050,1.14.14.40,C19712
1051,1.14.14.40,C19715
1052,1.14.14.40,C00079
1053,1.14.14.40,C03024
1057,1.14.14.41,C18796
1058,1.14.14.41,C03161
1060,1.14.14.41,C20312
1061,1.14.14.41,C21525
1062,1.14.14.41,C02659
1063,1.14.14.41,C20315
1064,1.14.14.41,C02420
1065,1.14.14.41,C19491
1066,1.14.14.41,C03024
1070,1.14.14.41,C03219
1073,1.14.14.42,C21535
1074,1.14.14.42,C03161
1077,1.14.14.42,C21536
1078,1.14.14.42,C21537
1079,1.14.14.42,C21534
1080,1.14.14.42,C03024
1084,1.14.14.43,C21539
1085,1.14.14.43,C03161
1087,1.14.14.43,C21538
1088,1.14.14.43,C21535
1089,1.14.14.43,C03024
1090,1.14.14.43,C00051
1093,1.14.14.44,C00561
1094,1.14.14.44,C03161
1096,1.14.14.44,C16075
1097,1.14.14.44,C16074
1098,1.14.14.44,C19714
1099,1.14.14.44,C03024
1103,1.14.14.45,C21620
1104,1.14.14.45,C03161
1106,1.14.14.45,C17204
1107,1.14.14.45,C21622
1108,1.14.14.45,C21623
1109,1.14.14.45,C03024
1110,1.14.14.45,C00051
1113,1.14.14.45,C19714
1115,1.14.14.46,C19845
1116,1.14.14.46,C15596
1121,1.14.14.46,C20683
1126,1.14.14.47,C00327
1127,1.14.14.47,C00533
1130,1.14.14.47,C05933
1131,1.14.14.47,C00062
1135,1.14.14.49,C21697
1136,1.14.14.49,C03161
1138,1.14.14.49,C21699
1139,1.14.14.49,C21696
1140,1.14.14.49,C03024
1143,1.14.14.50,C21678
1144,1.14.14.50,C03161
1146,1.14.14.50,C21683
1147,1.14.14.50,C11675
1148,1.14.14.50,C03024
1150,1.14.14.50,C09244
1151,1.14.14.57,C15516
1152,1.14.14.57,C03161
1154,1.14.14.57,C15517
1155,1.14.14.57,C05465
1156,1.14.14.57,C03024
1158,1.14.14.57,C03990
1159,1.14.14.69,C21826
1160,1.14.14.69,C03161
1162,1.14.14.69,C21827
1163,1.14.14.69,C21828
1164,1.14.14.69,C21829
1165,1.14.14.69,C18226
1166,1.14.14.69,C03024
1170,1.14.14.71,C21841
1171,1.14.14.71,C03161
1173,1.14.14.71,C21842
1174,1.14.14.71,C19819
1175,1.14.14.71,C03024
1178,1.14.14.73,C02809
1179,1.14.14.73,C03161
1181,1.14.14.73,C21882
1182,1.14.14.73,C01779
1183,1.14.14.73,C03024
1185,1.14.14.73,C21876
1186,1.14.14.76,C21831
1187,1.14.14.76,C03161
1189,1.14.14.76,C20146
1190,1.14.14.76,C20145
1192,1.14.14.76,C03024
1194,1.14.14.81,C15609
1195,1.14.14.81,C03161
1197,1.14.14.81,C15204
1198,1.14.14.81,C00766
1199,1.14.14.81,C03024
1202,1.14.14.84,C20221
1203,1.14.14.84,C03161
1205,1.14.14.84,C04433
1206,1.14.14.84,C03985
1207,1.14.14.84,C03024
1210,1.14.14.86,C11874
1211,1.14.14.86,C03161
1213,1.14.14.86,C11872
1214,1.14.14.86,C11873
1215,1.14.14.86,C06090
1216,1.14.14.86,C03024
1220,1.14.14.87,C15567
1222,1.14.14.87,C03161
1223,1.14.14.87,C12631
1224,1.14.14.87,C09762
1226,1.14.14.87,C03024
1227,1.14.14.87,C00509
1228,1.14.14.95,C19678
1229,1.14.14.95,C03161
1231,1.14.14.95,C19676
1232,1.14.14.95,C19677
1233,1.14.14.95,C16141
1234,1.14.14.95,C03024
1238,1.14.14.107,C11857
1239,1.14.14.107,C03161
1241,1.14.14.107,C11875
1242,1.14.14.107,C06093
1243,1.14.14.107,C11874
1244,1.14.14.107,C03024
1248,1.14.14.111,C20149
1249,1.14.14.111,C03161
1251,1.14.14.111,C20147
1252,1.14.14.111,C20148
1253,1.14.14.111,C18225
1255,1.14.14.111,C03024
1258,1.14.14.114,C20309
1259,1.14.14.114,C03161
1261,1.14.14.114,C20307
1262,1.14.14.114,C20308
1263,1.14.14.114,C16028
1265,1.14.14.114,C03024
1268,1.14.14.115,C02283
1269,1.14.14.115,C03161
1271,1.14.14.115,C20510
1272,1.14.14.115,C20511
1273,1.14.14.115,C19943
1275,1.14.14.115,C03024
1278,1.14.14.116,C20500
1279,1.14.14.116,C03161
1281,1.14.14.116,C20501
1282,1.14.14.116,C20499
1283,1.14.14.116,C03024
1285,1.14.14.117,C06800
1286,1.14.14.117,C03161
1288,1.14.14.117,C00132
1290,1.14.14.117,C16753
1291,1.14.14.117,C03686
1292,1.14.14.117,C03024
1294,1.14.14.117,C03944
1295,1.14.14.124,C20853
1296,1.14.14.124,C03161
1298,1.14.14.124,C20852
1299,1.14.14.124,C20851
1301,1.14.14.124,C03024
1303,1.14.14.126,C17148
1304,1.14.14.126,C03161
1306,1.14.14.126,C20945
1307,1.14.14.126,C20946
1308,1.14.14.126,C08616
1310,1.14.14.126,C03024
1313,1.14.14.129,C21005
1314,1.14.14.129,C03161
1316,1.14.14.129,C21006
1317,1.14.14.129,C00510
1318,1.14.14.129,C03024
1320,1.14.14.129,C02050
1321,1.14.14.134,C19732
1322,1.14.14.134,C03161
1324,1.14.14.134,C08980
1325,1.14.14.134,C08616
1326,1.14.14.134,C03024
1328,1.14.14.134,C19733
1329,1.14.14.135,C03161
1331,1.14.14.135,C15511
1332,1.14.14.135,C15509
1333,1.14.14.135,C03024
1335,1.14.14.135,C15510
1336,1.14.14.145,C06087
1337,1.14.14.145,C03161
1339,1.14.14.145,C20329
1340,1.14.14.145,C11887
1341,1.14.14.145,C11882
1342,1.14.14.145,C03024
1346,1.14.14.147,C15801
1347,1.14.14.147,C03161
1349,1.14.14.147,C15800
1350,1.14.14.147,C16251
1351,1.14.14.147,C03024
1353,1.14.14.147,C15797
1354,1.14.14.150,C09382
1355,1.14.14.150,C03161
1357,1.14.14.150,C21922
1358,1.14.14.150,C19678
1359,1.14.14.150,C03024
1362,1.14.14.151,C09737
1363,1.14.14.151,C03161
1365,1.14.14.151,C19711
1366,1.14.14.151,C12142
1367,1.14.14.151,C03024
1370,1.14.14.152,C19943
1371,1.14.14.152,C03161
1373,1.14.14.152,C19942
1374,1.14.14.152,C08616
1375,1.14.14.152,C03024
1378,1.14.14.154,C21919
1379,1.14.14.154,C00058
1380,1.14.14.154,C03161
1382,1.14.14.154,C21920
1383,1.14.14.154,C21921
1384,1.14.14.154,C21918
1385,1.14.14.154,C03024
1388,1.14.14.156,C02937
1389,1.14.14.156,C03161
1392,1.14.14.156,C19716
1393,1.14.14.156,C19717
1394,1.14.14.156,C00078
1395,1.14.14.156,C03024
1399,1.14.14.158,C15981
1401,1.14.14.158,C08601
1402,1.14.14.158,C05433
1404,1.14.14.158,C08590
1405,1.14.14.159,C22009
1407,1.14.14.159,C03161
1408,1.14.14.159,C22010
1409,1.14.14.159,C22008
1411,1.14.14.159,C03024
1413,1.14.14.160,C22011
1415,1.14.14.160,C03161
1416,1.14.14.160,C22012
1417,1.14.14.160,C22013
1418,1.14.14.160,C19752
1420,1.14.14.160,C03024
1422,1.14.14.161,C20789
1423,1.14.14.161,C03161
1425,1.14.14.161,C22014
1426,1.14.14.161,C06070
1427,1.14.14.161,C09804
1428,1.14.14.161,C03024
1432,1.14.14.169,C09440
1433,1.14.14.169,C03161
1435,1.14.14.169,C22050
1436,1.14.14.169,C22049
1437,1.14.14.169,C03024
1440,1.14.14.170,C22054
1441,1.14.14.170,C03161
1443,1.14.14.170,C22051
1444,1.14.14.170,C19678
1445,1.14.14.170,C03024
1448,1.14.15.6,C01953
1449,1.14.15.6,C02373
1450,1.14.15.6,C00667
1452,1.14.15.6,C05502
1453,1.14.15.6,C00187
1454,1.14.15.6,C00662
1458,1.14.15.9,C15903
1459,1.14.15.9,C00139
1461,1.14.15.9,C15884
1462,1.14.15.9,C15885
1463,1.14.15.9,C15900
1464,1.14.15.9,C00138
1467,1.14.15.9,C15881
1469,1.14.15.15,C00667
1471,1.14.15.15,C05454
1472,1.14.15.15,C00662
1475,1.14.15.16,C18231
1476,1.14.15.16,C00667
1478,1.14.15.16,C07712
1479,1.14.15.16,C01673
1480,1.14.15.16,C00662
1483,1.14.15.16,C01561
1484,1.14.15.17,C18022
1485,1.14.15.17,C00139
1486,1.14.15.17,C21192
1488,1.14.15.17,C18021
1489,1.14.15.17,C00138
1494,1.14.15.18,C01673
1495,1.14.15.18,C00667
1497,1.14.15.18,C18231
1498,1.14.15.18,C01561
1499,1.14.15.18,C00662
1502,1.14.15.18,C07712
1503,1.14.15.21,C08614
1504,1.14.15.21,C00139
1506,1.14.15.21,C08579
1507,1.14.15.21,C06098
1508,1.14.15.21,C00138
1512,1.14.15.22,C01561
1513,1.14.15.22,C00139
1515,1.14.15.22,C01673
1516,1.14.15.22,C05443
1518,1.14.15.22,C00138
1521,1.14.15.24,C06098
1522,1.14.15.24,C00139
1524,1.14.15.24,C08591
1525,1.14.15.24,C02094
1526,1.14.15.24,C00138
1530,1.14.15.26,C00556
1531,1.14.15.26,C00139
1533,1.14.15.26,C06757
1534,1.14.15.26,C07216
1535,1.14.15.26,C01455
1537,1.14.15.26,C00138
1539,1.14.15.26,C06756
1540,1.14.15.26,C07208
1541,1.14.15.28,C20839
1543,1.14.15.28,C21303
1544,1.14.15.28,C21305
1545,1.14.15.28,C00599
1549,1.14.15.29,C21076
1550,1.14.15.29,C00139
1552,1.14.15.29,C20143
1553,1.14.15.29,C21304
1554,1.14.15.29,C00599
1555,1.14.15.29,C00138
1560,1.14.15.32,C19939
1561,1.14.15.32,C00139
1563,1.14.15.32,C19938
1564,1.14.15.32,C01841
1565,1.14.15.32,C00138
1569,1.14.15.33,C11999
1570,1.14.15.33,C00139
1572,1.14.15.33,C20739
1573,1.14.15.33,C11996
1574,1.14.15.33,C11995
1575,1.14.15.33,C20741
1576,1.14.15.33,C11998
1577,1.14.15.33,C00138
1580,1.14.15.33,C11994
1581,1.14.18.1,C00822
1583,1.14.18.1,C00355
1584,1.14.18.1,C00082
1587,1.14.18.9,C04840
1588,1.14.18.9,C00996
1590,1.14.18.9,C04814
1591,1.14.18.9,C11509
1592,1.14.18.9,C04530
1593,1.14.18.9,C00999
1598,1.14.19.3,C03035
1599,1.14.19.3,C00996
1601,1.14.19.3,C16163
1602,1.14.19.3,C02050
1603,1.14.19.3,C00999
1606,1.14.19.3,C16162
1607,1.14.19.4,C00996
1609,1.14.19.4,C00999
1612,1.14.19.6,C02050
1613,1.14.19.6,C00996
1615,1.14.19.6,C21000
1616,1.14.19.6,C00510
1617,1.14.19.6,C00999
1620,1.14.19.6,C21072
1621,1.14.19.12,C21530
1622,1.14.19.12,C00996
1624,1.14.19.12,C21532
1625,1.14.19.12,C21529
1626,1.14.19.12,C00999
1629,1.14.19.12,C21531
1630,1.14.19.29,C21024
1631,1.14.19.29,C00996
1633,1.14.19.29,C21025
1634,1.14.19.29,C12145
1635,1.14.19.29,C00999
1638,1.14.19.30,C00996
1640,1.14.19.30,C00999
1643,1.14.19.31,C00996
1645,1.14.19.31,C00999
1648,1.14.19.32,C20996
1649,1.14.19.32,C00996
1651,1.14.19.32,C20997
1652,1.14.19.32,C00154
1653,1.14.19.32,C00999
1656,1.14.19.33,C00996
1658,1.14.19.33,C21529
1659,1.14.19.33,C00999
1662,1.14.19.34,C00996
1664,1.14.19.34,C00999
1667,1.14.19.35,C00139
1669,1.14.19.35,C21531
1670,1.14.19.35,C00138
1673,1.14.19.35,C21529
1674,1.14.19.36,C00139
1676,1.14.19.36,C00138
1679,1.14.19.37,C21082
1682,1.14.19.37,C21083
1683,1.14.19.37,C16180
1686,1.14.19.37,C16179
1687,1.14.19.38,C00996
1689,1.14.19.38,C00999
1692,1.14.19.44,C02249
1693,1.14.19.44,C00996
1695,1.14.19.44,C16165
1696,1.14.19.44,C03595
1697,1.14.19.44,C00999
1700,1.14.19.44,C16164
1701,1.14.19.47,C00996
1703,1.14.19.47,C21531
1704,1.14.19.47,C00999
1707,1.14.19.47,C21529
1708,1.14.19.50,C21406
1709,1.14.19.50,C03161
1711,1.14.19.50,C21405
1712,1.14.19.50,C16702
1713,1.14.19.50,C03024
1715,1.14.19.52,C21721
1716,1.14.19.52,C01326
1718,1.14.19.52,C03161
1720,1.14.19.52,C21722
1721,1.14.19.52,C21719
1722,1.14.19.52,C03024
1725,1.14.19.55,C14521
1729,1.14.19.55,C21850
1730,1.14.19.55,C21852
1731,1.14.19.55,C21853
1732,1.14.19.55,C00156
1734,1.14.19.55,C01324
1738,1.14.19.55,C00230
1743,1.14.19.56,C00698
1748,1.14.19.57,C01324
1750,1.14.19.59,C21866
1753,1.14.19.59,C21867
1754,1.14.19.59,C00078
1756,1.14.19.59,C00698
1759,1.14.19.59,C00525
1760,1.14.19.63,C10522
1761,1.14.19.63,C03161
1763,1.14.19.63,C19727
1764,1.14.19.63,C01562
1765,1.14.19.63,C03024
1767,1.14.19.63,C10520
1768,1.14.19.69,C18013
1769,1.14.19.69,C00139
1771,1.14.19.69,C18014
1772,1.14.19.69,C18012
1773,1.14.19.69,C00138
1776,1.14.19.74,C21954
1778,1.14.19.74,C10882
1779,1.14.19.74,C05366
1782,1.14.19.75,C22018
1783,1.14.19.75,C00996
1785,1.14.19.75,C22020
1786,1.14.19.75,C22017
1787,1.14.19.75,C00999
1790,1.14.19.75,C22019
1791,1.14.20.4,C21381
1792,1.14.20.4,C00042
1795,1.14.20.4,C21832
1796,1.14.20.4,C21418
1797,1.14.20.4,C00026
1800,1.14.20.7,C00042
1802,1.14.20.7,C17349
1803,1.14.20.7,C03912
1805,1.14.20.7,C20330
1806,1.14.20.7,C00062
1807,1.14.20.7,C00026
1810,1.14.20.14,C21974
1811,1.14.20.14,C00042
1814,1.14.20.14,C21975
1815,1.14.20.14,C21973
1816,1.14.20.14,C00026
1818,1.14.20.14,C00698
1819,1.14.20.14,C21840
1820,1.14.99.46,C20231
1822,1.14.99.46,C20232
1823,1.14.99.46,C00106
1824,1.14.99.46,C01847
1826,1.14.99.46,C00178
1827,1.14.99.48,C20667
1828,1.14.99.48,C14818
1829,1.14.99.48,C00067
1832,1.14.99.48,C20666
1836,1.14.99.57,C21624
1837,1.14.99.57,C14818
1840,1.14.99.57,C21625
1844,1.14.99.58,C21723
1845,1.14.99.58,C00237
1846,1.14.99.58,C14818
1849,1.14.99.58,C21724
1853,1.14.99.63,C08592
1856,1.14.99.63,C08583
1857,1.14.99.63,C02094
1861,1.14.99.64,C15968
1864,1.14.99.64,C08580
1865,1.14.99.64,C06098
1871,1.16.3.2,C14818
1876,1.16.3.3,C19611
1878,1.16.3.3,C19610
1883,1.17.3.4,C04110
1884,1.17.3.4,C21414
1886,1.17.3.4,C03840
1890,1.17.4.4,C05849
1891,1.17.4.4,C02059
1894,1.17.4.4,C03313
1895,1.17.7.4,C11811
1896,1.17.7.4,C00138
1898,1.17.7.4,C00129
1899,1.17.7.4,C00139
1901,1.17.7.4,C00235
1902,1.17.9.1,C00633
1903,1.17.9.1,C05358
1905,1.17.9.1,C17467
1906,1.17.9.1,C01468
1907,1.17.9.1,C05357
1910,1.17.98.2,C21582
1911,1.17.98.2,C05198
1912,1.17.98.2,C00073
1913,1.17.98.2,C21407
1914,1.17.98.2,C20650
1917,1.17.98.2,C18161
1921,1.17.99.4,C00813
1923,1.17.99.4,C05281
1924,1.17.99.4,C00106
1927,1.17.99.4,C00178
1931,1.21.1.1,C01060
1934,1.21.1.1,C02515
1935,1.21.1.1,C00082
1937,1.21.1.1,C00708
1939,1.21.3.6,C16409
1941,1.21.3.6,C16410
1942,1.21.3.6,C16407
1944,1.21.3.6,C16408
1945,1.21.4.5,C07099
1946,1.21.4.5,C00051
1947,1.21.4.5,C03434
1948,1.21.4.5,C07097
1949,1.21.4.5,C00698
1950,1.21.4.5,C00127
1952,1.21.98.3,C11831
1953,1.21.98.3,C05198
1954,1.21.98.3,C00073
1955,1.21.98.3,C04536
1958,1.23.5.1,C06098
1959,1.23.5.1,C05422
1961,1.23.5.1,C08579
1962,1.23.5.1,C08614
1963,1.23.5.1,C00072
1966,2.1.1.44,C05575
1967,2.1.1.44,C04259
1969,2.1.1.44,C00135
1971,2.1.1.63,C00039
1972,2.1.1.63,C03800
1973,2.1.1.63,C04250
1974,2.1.1.63,C02743
1977,2.1.1.69,C01557
1979,2.1.1.69,C00758
1981,2.1.1.70,C01864
1983,2.1.1.70,C00841
1985,2.1.1.95,C02477
1986,2.1.1.95,C14152
1987,2.1.1.95,C14153
1988,2.1.1.95,C14154
1990,2.1.1.95,C02483
1991,2.1.1.95,C14151
1992,2.1.1.95,C14155
1993,2.1.1.95,C14156
1995,2.1.1.98,C01573
1996,2.1.1.98,C04692
1997,2.1.1.98,C16720
1999,2.1.1.98,C04441
2003,2.1.1.107,C02463
2004,2.1.1.107,C15527
2006,2.1.1.107,C01051
2009,2.1.1.110,C03686
2010,2.1.1.110,C03944
2012,2.1.1.110,C00961
2013,2.1.1.110,C20445
2015,2.1.1.132,C06408
2018,2.1.1.132,C06319
2020,2.1.1.137,C07294
2021,2.1.1.137,C07308
2023,2.1.1.137,C06697
2024,2.1.1.137,C07295
2026,2.1.1.156,C01026
2027,2.1.1.156,C00213
2029,2.1.1.156,C00037
2032,2.1.1.157,C00719
2033,2.1.1.157,C01026
2035,2.1.1.157,C00213
2038,2.1.1.160,C07481
2039,2.1.1.160,C07480
2042,2.1.1.160,C13747
2043,2.1.1.160,C16353
2045,2.1.1.162,C00719
2046,2.1.1.162,C00213
2047,2.1.1.162,C01026
2049,2.1.1.162,C00037
2053,2.1.1.169,C19807
2054,2.1.1.169,C19739
2055,2.1.1.169,C10193
2057,2.1.1.169,C10192
2061,2.1.1.175,C10193
2062,2.1.1.175,C19739
2064,2.1.1.175,C10192
2067,2.1.1.192,C00073
2068,2.1.1.192,C05198
2081,2.1.1.240,C10287
2082,2.1.1.240,C20154
2084,2.1.1.240,C03582
2088,2.1.1.251,C03920
2089,2.1.1.251,C00283
2090,2.1.1.251,C00409
2091,2.1.1.251,C03576
2093,2.1.1.254,C01912
2094,2.1.1.254,C06653
2096,2.1.1.254,C06616
2097,2.1.1.254,C06633
2099,2.1.1.262,C20412
2100,2.1.1.262,C20411
2102,2.1.1.262,C00751
2105,2.1.1.263,C20435
2106,2.1.1.263,C20433
2107,2.1.1.263,C20434
2109,2.1.1.263,C20432
2114,2.1.1.267,C02790
2118,2.1.1.279,C10428
2119,2.1.1.279,C10478
2121,2.1.1.279,C20464
2122,2.1.1.279,C10469
2124,2.1.1.291,C20712
2125,2.1.1.291,C09555
2127,2.1.1.291,C02105
2128,2.1.1.291,C05178
2129,2.1.1.295,C16695
2131,2.1.1.295,C15882
2132,2.1.1.295,C17570
2133,2.1.1.295,C20737
2135,2.1.1.316,C21161
2136,2.1.1.316,C21162
2138,2.1.1.316,C21163
2139,2.1.1.316,C21164
2141,2.1.1.319,C21188
2142,2.1.1.319,C04143
2144,2.1.1.319,C00613
2147,2.1.1.320,C21189
2148,2.1.1.320,C04143
2150,2.1.1.320,C00613
2153,2.1.1.324,C18034
2154,2.1.1.324,C21395
2156,2.1.1.324,C18033
2159,2.1.1.325,C16503
2160,2.1.1.325,C09694
2162,2.1.1.325,C16502
2163,2.1.1.325,C16504
2165,2.1.1.332,C21428
2166,2.1.1.332,C21429
2168,2.1.1.332,C21427
2171,2.1.1.335,C21436
2172,2.1.1.335,C02811
2174,2.1.1.335,C06654
2177,2.1.1.337,C21491
2178,2.1.1.337,C09581
2180,2.1.1.337,C02105
2181,2.1.1.337,C17591
2183,2.1.1.340,C08304
2184,2.1.1.340,C21602
2186,2.1.1.340,C21601
2188,2.1.1.341,C00230
2189,2.1.1.341,C00440
2190,2.1.1.341,C01424
2191,2.1.1.341,C06672
2192,2.1.1.341,C00101
2193,2.1.1.341,C05616
2195,2.1.1.343,C21647
2196,2.1.1.343,C21648
2198,2.1.1.343,C21646
2201,2.1.1.344,C21675
2202,2.1.1.344,C21673
2203,2.1.1.344,C21674
2205,2.1.1.344,C21672
2209,2.1.1.345,C07576
2210,2.1.1.345,C21779
2212,2.1.1.345,C21778
2215,2.1.1.349,C21957
2216,2.1.1.349,C16789
2218,2.1.1.349,C21956
2221,2.1.1.350,C00073
2222,2.1.1.350,C05198
2223,2.1.1.350,C22027
2225,2.1.1.350,C22028
2227,2.1.1.350,C00828
2229,2.1.1.350,C05818
2230,2.1.5.1,C21801
2231,2.1.5.1,C00143
2232,2.1.5.1,C21802
2233,2.1.5.1,C10882
2234,2.1.5.1,C00101
2236,2.2.1.11,C00118
2237,2.2.1.11,C16848
2238,2.2.1.11,C00577
2239,2.2.1.11,C00546
2240,2.2.1.11,C00354
2241,2.2.1.11,C01094
2246,2.3.1.111,C02557
2251,2.3.1.156,C07350
2252,2.3.1.156,C07351
2253,2.3.1.156,C02939
2254,2.3.1.156,C00083
2255,2.3.1.218,C17741
2258,2.3.1.218,C17740
2259,2.3.1.218,C00406
2260,2.3.1.218,C00083
2261,2.3.1.218,C00223
2263,2.3.1.219,C17742
2265,2.3.1.219,C17743
2266,2.3.1.219,C00223
2267,2.3.1.219,C17741
2269,2.3.1.219,C17740
2271,2.3.1.224,C15513
2272,2.3.1.224,C12299
2273,2.3.1.224,C00024
2274,2.3.1.224,C00556
2275,2.3.1.224,C02394
2276,2.3.1.230,C20643
2280,2.3.1.230,C21490
2281,2.3.1.230,C01944
2282,2.3.1.230,C21453
2284,2.3.1.251,C04233
2285,2.3.1.251,C21194
2286,2.3.1.251,C22002
2287,2.3.1.251,C21982
2288,2.3.1.251,C03889
2289,2.3.1.251,C21193
2290,2.3.1.251,C19884
2291,2.3.1.251,C04919
2293,2.3.1.254,C00024
2295,2.3.1.255,C00024
2296,2.3.1.255,C02038
2298,2.3.1.256,C00024
2300,2.3.1.257,C00024
2302,2.3.1.258,C00024
2307,2.3.1.261,C00083
2310,2.3.1.262,C21452
2313,2.3.1.262,C02247
2314,2.3.1.262,C00083
2316,2.3.1.265,C21608
2317,2.3.1.265,C21609
2318,2.3.1.265,C00040
2319,2.3.1.265,C21607
2321,2.3.2.1,C00819
2322,2.3.2.1,C00217
2323,2.3.2.1,C00064
2324,2.3.2.6,C01645
2325,2.3.2.6,C21387
2326,2.3.2.6,C21386
2327,2.3.2.6,C02047
2328,2.3.2.6,C21388
2329,2.3.2.6,C16739
2330,2.3.2.29,C01645
2331,2.3.2.29,C21455
2332,2.3.2.29,C21457
2333,2.3.2.29,C02047
2334,2.3.2.29,C21456
2335,2.3.2.29,C21458
2337,2.4.1.41,C00203
2338,2.4.1.41,C02189
2339,2.4.1.41,C19803
2340,2.4.1.109,C00110
2341,2.4.1.109,C20722
2342,2.4.1.109,C03862
2343,2.4.1.125,C00095
2344,2.4.1.125,C00089
2346,2.4.1.175,C04913
2347,2.4.1.175,C00203
2348,2.4.1.175,C04800
2350,2.4.1.195,C01069
2351,2.4.1.195,C21872
2352,2.4.1.195,C16517
2353,2.4.1.195,C00029
2354,2.4.1.195,C03719
2355,2.4.1.195,C21871
2356,2.4.1.195,C16516
2358,2.4.1.202,C04831
2359,2.4.1.202,C15772
2360,2.4.1.202,C00029
2361,2.4.1.202,C04720
2362,2.4.1.202,C15770
2364,2.4.1.212,C00043
2365,2.4.1.212,C00167
2367,2.4.1.226,C04800
2368,2.4.1.226,C00167
2370,2.4.1.249,C16303
2371,2.4.1.249,C16304
2372,2.4.1.249,C00029
2373,2.4.1.249,C16301
2376,2.4.1.255,C19802
2377,2.4.1.255,C19804
2378,2.4.1.255,C00043
2379,2.4.1.255,C02189
2380,2.4.1.255,C19803
2382,2.4.1.271,C19867
2383,2.4.1.271,C19868
2384,2.4.1.271,C17513
2385,2.4.1.271,C00029
2386,2.4.1.271,C08588
2388,2.4.1.271,C19869
2390,2.4.1.286,C16407
2391,2.4.1.286,C16408
2392,2.4.1.286,C00029
2393,2.4.1.286,C06561
2394,2.4.1.286,C15525
2396,2.4.1.287,C03733
2397,2.4.1.287,C20416
2399,2.4.1.301,C01822
2400,2.4.1.301,C00825
2401,2.4.1.301,C01823
2402,2.4.1.301,C20614
2403,2.4.1.301,C12211
2404,2.4.1.301,C20350
2405,2.4.1.301,C01441
2406,2.4.1.301,C01743
2407,2.4.1.301,C20353
2408,2.4.1.315,C06040
2410,2.4.1.315,C20860
2411,2.4.1.315,C00029
2412,2.4.1.315,C04046
2415,2.4.1.330,C19869
2416,2.4.1.330,C17513
2417,2.4.1.330,C08589
2418,2.4.1.330,C00029
2419,2.4.1.330,C19867
2420,2.4.1.330,C19868
2422,2.4.1.346,C00035
2423,2.4.1.346,C21607
2424,2.4.1.346,C21608
2425,2.4.1.346,C00096
2426,2.4.1.346,C21609
2427,2.4.2.1,C15587
2428,2.4.2.1,C00620
2429,2.4.2.1,C00672
2430,2.4.2.1,C15586
2432,2.4.2.1,C20463
2433,2.4.2.2,C00106
2434,2.4.2.2,C00620
2435,2.4.2.2,C00178
2436,2.4.2.2,C00672
2437,2.4.2.2,C00299
2439,2.4.2.2,C00214
2440,2.4.2.2,C00526
2441,2.4.2.29,C00242
2442,2.4.2.29,C01449
2443,2.4.2.29,C16675
2444,2.4.2.43,C19890
2445,2.4.2.43,C17556
2446,2.4.2.43,C19884
2447,2.4.2.43,C16157
2448,2.4.2.43,C06026
2449,2.4.2.43,C04919
2450,2.4.2.57,C00147
2451,2.4.2.57,C01151
2452,2.4.2.57,C00380
2453,2.4.2.57,C00106
2456,2.4.2.57,C00055
2457,2.4.2.57,C00105
2458,2.4.99.20,C13051
2459,2.4.99.20,C00153
2460,2.4.99.20,C20742
2462,2.4.99.20,C00253
2465,2.5.1.3,C01081
2467,2.5.1.3,C04752
2468,2.5.1.3,C20246
2469,2.5.1.3,C20247
2470,2.5.1.3,C04327
2471,2.5.1.17,C00536
2472,2.5.1.17,C00194
2473,2.5.1.17,C03161
2474,2.5.1.17,C06506
2476,2.5.1.17,C00541
2477,2.5.1.17,C03024
2478,2.5.1.17,C06504
2479,2.5.1.21,C00751
2483,2.5.1.21,C03428
2484,2.5.1.21,C00448
2489,2.5.1.32,C05421
2491,2.5.1.32,C03427
2492,2.5.1.32,C00353
2495,2.5.1.36,C15509
2496,2.5.1.36,C15510
2497,2.5.1.36,C00235
2498,2.5.1.36,C01263
2499,2.5.1.44,C06366
2502,2.5.1.44,C00986
2503,2.5.1.44,C00134
2504,2.5.1.44,C00315
2505,2.5.1.46,C07282
2506,2.5.1.46,C00986
2507,2.5.1.46,C15853
2509,2.5.1.46,C15854
2511,2.5.1.46,C07281
2514,2.5.1.46,C00315
2522,2.5.1.96,C16144
2524,2.5.1.96,C03428
2525,2.5.1.96,C00448
2528,2.5.1.112,C16426
2529,2.5.1.112,C16424
2530,2.5.1.112,C00235
2533,2.5.1.128,C00170
2534,2.5.1.128,C21010
2535,2.5.1.128,C21009
2536,2.5.1.128,C00315
2537,2.5.1.128,C01137
2540,2.5.1.137,C21500
2541,2.5.1.137,C21501
2542,2.5.1.137,C00235
2543,2.5.1.137,C21499
2546,2.5.1.138,C21495
2547,2.5.1.138,C21496
2548,2.5.1.138,C00341
2549,2.5.1.138,C09315
2550,2.5.1.138,C09263
2551,2.5.1.148,C22055
2554,2.5.1.148,C03427
2555,2.5.1.148,C00353
2559,2.5.1.149,C22056
2561,2.5.1.149,C22057
2562,2.5.1.149,C00235
2563,2.5.1.149,C05432
2567,2.5.1.150,C22058
2569,2.5.1.150,C22060
2570,2.5.1.150,C00235
2571,2.5.1.150,C05432
2573,2.5.1.150,C22059
2574,2.6.1.52,C03232
2575,2.6.1.52,C00025
2576,2.6.1.52,C06054
2577,2.6.1.52,C01005
2578,2.6.1.52,C00026
2579,2.6.1.52,C06055
2580,2.6.1.82,C15668
2581,2.6.1.82,C00025
2583,2.6.1.82,C00555
2584,2.6.1.82,C00134
2585,2.6.1.82,C00026
2587,2.6.1.96,C00232
2588,2.6.1.96,C00041
2589,2.6.1.96,C00037
2590,2.6.1.96,C00334
2591,2.6.1.96,C00022
2592,2.6.1.96,C00048
2593,2.6.1.114,C00026
2594,2.6.1.114,C21805
2597,2.6.1.114,C21803
2599,2.6.1.114,C21804
2600,2.6.1.114,C00025
2607,2.6.99.1,C12347
2608,2.6.99.1,C00039
2609,2.6.99.1,C00131
2610,2.6.99.1,C02270
2611,2.6.99.1,C00286
2613,2.7.1.151,C01284
2614,2.7.1.151,C11555
2616,2.7.1.151,C01245
2619,2.7.1.159,C01272
2620,2.7.1.159,C04477
2622,2.7.1.159,C01243
2624,2.7.1.178,C04442
2625,2.7.1.178,C01286
2627,2.7.1.178,C00204
2628,2.7.1.178,C01216
2630,2.7.1.214,C17697
2631,2.7.1.214,C21218
2633,2.7.1.214,C17696
2634,2.7.1.214,C21371
2636,2.7.1.217,C21611
2637,2.7.1.217,C21610
2639,2.7.1.217,C21612
2640,2.7.1.217,C03064
2642,2.7.2.2,C00169
2644,2.7.2.2,C01563
2647,2.7.2.2,C00288
2650,2.7.4.14,C00705
2653,2.7.4.14,C00239
2654,2.7.4.14,C00105
2656,2.7.4.21,C11526
2657,2.7.4.21,C20690
2659,2.7.4.21,C01204
2660,2.7.4.21,C11174
2662,2.7.4.24,C20690
2663,2.7.4.24,C11174
2665,2.7.4.24,C11526
2666,2.7.4.24,C01204
2667,2.7.7.72,C19085
2669,2.7.7.72,C19080
2670,2.7.7.72,C02211
2671,2.7.7.72,C00063
2673,2.7.7.72,C19078
2678,2.7.7.79,C00044
2681,2.7.7.86,C20640
2683,2.7.7.86,C00044
2684,2.7.7.102,C00201
2685,2.7.7.102,C06604
2686,2.7.8.26,C00144
2687,2.7.8.26,C00194
2688,2.7.8.26,C21153
2689,2.7.8.26,C06510
2690,2.7.8.26,C05775
2691,2.7.8.26,C04778
2692,2.7.8.38,C00055
2693,2.7.8.38,C20628
2694,2.7.8.38,C00065
2695,2.7.8.38,C20627
2696,2.7.8.42,C00641
2697,2.7.8.42,C21173
2698,2.7.8.42,C21174
2699,2.7.8.42,C00350
2700,2.7.8.42,C06026
2701,2.7.8.42,C06025
2702,2.7.8.43,C00165
2703,2.8.1.2,C00022
2704,2.8.1.2,C00283
2705,2.8.1.2,C00343
2706,2.8.1.2,C00957
2707,2.8.1.2,C00342
2708,2.8.1.7,C00041
2709,2.8.1.7,C21440
2710,2.8.1.7,C15812
2711,2.8.1.7,C15811
2712,2.8.1.7,C00097
2713,2.8.1.7,C02743
2716,2.8.2.14,C00054
2717,2.8.2.14,C11301
2718,2.8.2.14,C03642
2719,2.8.2.14,C00053
2720,2.8.2.14,C15557
2721,2.8.2.14,C02592
2722,2.8.2.24,C00054
2723,2.8.2.24,C02153
2724,2.8.2.24,C05837
2725,2.8.2.24,C00053
2726,2.8.2.24,C01069
2727,2.8.2.24,C16517
2728,2.8.2.33,C00054
2729,2.8.2.33,C00053
2730,2.8.3.20,C00042
2731,2.8.3.20,C20746
2732,2.8.3.20,C20747
2733,2.8.3.20,C00091
2734,2.8.3.20,C02612
2735,2.8.3.20,C00497
2736,2.8.3.21,C04114
2737,2.8.3.21,C20750
2738,2.8.3.21,C01181
2739,2.8.3.21,C20748
2740,2.8.3.21,C00318
2741,2.8.3.21,C20749
2742,2.8.3.22,C00042
2743,2.8.3.22,C04348
2744,2.8.3.22,C01011
2745,2.8.3.22,C00091
2746,2.8.3.22,C00149
2747,2.8.3.22,C02614
2748,2.8.3.25,C03990
2749,2.8.3.25,C01794
2750,2.8.3.25,C04483
2751,2.8.3.25,C21449
2752,2.8.3.25,C00695
2753,2.8.3.25,C15560
2755,2.8.4.3,C00073
2756,2.8.4.3,C05198
2759,2.8.4.4,C00073
2760,2.8.4.4,C05198
2764,2.8.4.5,C00073
2765,2.8.4.5,C05198
2767,2.8.5.2,C21815
2768,2.8.5.2,C00126
2770,2.8.5.2,C21899
2771,2.8.5.2,C21972
2772,2.8.5.2,C00320
2773,2.8.5.2,C00125
2774,2.8.5.2,C21898
2775,3.1.1.59,C20992
2776,3.1.1.59,C00132
2777,3.1.1.59,C16504
2778,3.1.1.59,C19613
2780,3.1.1.59,C09694
2781,3.1.1.79,C01885
2782,3.1.1.79,C00060
2783,3.1.1.79,C00165
2784,3.1.1.79,C00116
2787,3.1.1.79,C00422
2789,3.1.1.80,C06542
2790,3.1.1.80,C00033
2791,3.1.1.80,C11810
2792,3.1.1.80,C15985
2794,3.1.1.80,C11809
2795,3.1.1.82,C18064
2796,3.1.1.82,C00132
2798,3.1.1.82,C18021
2800,3.1.1.83,C11417
2801,3.1.1.83,C18067
2803,3.1.1.83,C11414
2804,3.1.1.83,C18066
2805,3.1.1.94,C20507
2806,3.1.1.94,C00033
2807,3.1.1.94,C20508
2808,3.1.1.94,C20505
2810,3.1.1.94,C20506
2811,3.1.1.104,C22035
2812,3.1.1.104,C22037
2813,3.1.1.104,C22034
2815,3.1.1.104,C22036
2816,3.1.3.56,C01220
2818,3.1.3.56,C01243
2819,3.1.3.56,C01245
2821,3.1.3.56,C01272
2822,3.1.3.73,C00194
2824,3.1.3.73,C05775
2825,3.1.3.73,C21153
2827,3.1.3.73,C04778
2828,3.1.3.75,C00189
2830,3.1.3.75,C00114
2831,3.1.3.75,C00346
2833,3.1.3.75,C00588
2834,3.1.3.77,C15606
2836,3.1.3.77,C15651
2837,3.1.3.77,C15650
2841,3.1.3.91,C00475
2842,3.1.3.91,C03998
2844,3.1.3.91,C00055
2845,3.1.4.56,C05925
2846,3.1.4.56,C20566
2847,3.1.4.56,C20567
2850,3.1.4.57,C20440
2852,3.1.6.20,C21898
2853,3.1.6.20,C00059
2854,3.1.6.20,C21814
2855,3.1.6.20,C21815
2857,3.1.6.20,C21899
2860,3.2.1.169,C02189
2861,3.2.1.169,C00140
2862,3.2.1.169,C19803
2863,3.2.1.169,C19802
2865,3.2.1.182,C04720
2866,3.2.1.182,C00031
2867,3.2.1.182,C15770
2868,3.2.1.182,C04831
2870,3.2.1.182,C15772
2871,3.2.1.191,C00031
2873,3.2.1.192,C20778
2874,3.2.1.192,C00031
2875,3.2.1.192,C20725
2876,3.2.1.192,C20713
2879,3.2.1.193,C00031
2881,3.2.1.194,C00031
2883,3.2.1.204,C00252
2885,3.2.1.207,C00221
2887,3.2.2.6,C00301
2888,3.2.2.6,C00153
2889,3.2.2.6,C13050
2893,3.2.2.19,C00301
2894,3.2.2.19,C00613
2895,3.2.2.19,C00062
2896,3.2.2.19,C16011
2898,3.2.2.19,C01201
2899,3.3.2.2,C00071
2900,3.3.2.2,C00670
2901,3.3.2.2,C01233
2902,3.3.2.2,C04517
2904,3.3.2.2,C04635
2905,3.3.2.9,C21776
2906,3.3.2.9,C16014
2908,3.3.2.9,C21775
2909,3.3.2.11,C15992
2911,3.3.2.11,C05418
2912,3.4.19.16,C00025
2914,3.5.1.14,C00060
2915,3.5.1.14,C02882
2916,3.5.1.14,C00033
2918,3.5.1.38,C00025
2920,3.5.1.38,C00049
2921,3.5.1.38,C00064
2923,3.5.1.38,C00152
2924,3.5.1.46,C02378
2925,3.5.1.46,C20988
2927,3.5.1.46,C01255
2928,3.5.1.99,C00219
2929,3.5.1.99,C00189
2930,3.5.1.99,C00712
2932,3.5.1.99,C11695
2934,3.5.1.99,C19670
2935,3.5.1.100,C19780
2937,3.5.1.100,C00099
2938,3.5.1.100,C19778
2940,3.5.1.100,C19779
2942,3.5.1.101,C00148
2943,3.5.1.101,C19809
2945,3.5.1.101,C19781
2946,3.5.1.109,C00162
2948,3.5.1.109,C01190
2949,3.5.1.110,C20249
2952,3.5.1.110,C01563
2953,3.5.1.110,C20250
2954,3.5.1.110,C20231
2957,3.5.1.110,C20232
2958,3.5.1.114,C01021
2959,3.5.1.114,C00060
2960,3.5.1.114,C05726
2961,3.5.1.114,C00033
2962,3.5.1.114,C20735
2964,3.5.1.114,C05727
2965,3.5.1.124,C00613
2966,3.5.1.124,C01432
2967,3.5.1.124,C02188
2968,3.5.1.124,C02743
2970,3.5.3.21,C06384
2973,3.5.3.21,C06382
2974,3.5.3.21,C06383
2975,3.5.3.21,C06381
2979,3.5.4.5,C00299
2981,3.5.4.5,C00526
2982,3.5.4.5,C00475
2984,3.5.4.5,C00881
2985,3.5.4.17,C00130
2987,3.5.4.17,C00104
2988,3.5.4.17,C00081
2993,3.5.4.45,C08733
2995,3.5.4.45,C08734
2996,3.5.4.45,C08737
2999,3.5.5.4,C00049
3001,3.5.5.4,C00152
3002,3.5.5.4,C02512
3005,3.5.99.2,C01279
3007,3.5.99.2,C04294
3008,3.5.99.2,C20267
3010,3.5.99.2,C00378
3011,3.5.99.7,C00109
3013,3.5.99.7,C17234
3014,3.5.99.7,C20905
3015,3.5.99.7,C01234
3019,3.5.99.10,C00109
3021,3.5.99.10,C00022
3022,3.5.99.10,C20905
3024,3.5.99.10,C20904
3025,3.6.1.5,C01117
3027,3.6.1.5,C00454
3028,3.6.1.5,C00201
3031,3.6.1.53,C00055
3032,3.6.1.53,C00588
3034,3.6.1.53,C00117
3035,3.6.1.53,C00307
3037,3.6.1.53,C00301
3038,3.6.1.60,C20198
3040,3.6.1.60,C03483
3041,3.6.1.60,C20190
3043,3.6.1.60,C04058
3047,3.6.1.61,C20190
3049,3.6.1.61,C04058
3050,3.6.1.61,C01260
3051,3.6.1.64,C00130
3053,3.6.1.64,C06196
3054,3.6.1.64,C00104
3056,3.6.1.64,C01344
3057,3.6.1.65,C00055
3059,3.6.1.65,C00239
3060,3.6.1.65,C00063
3062,3.6.1.65,C00458
3063,3.6.1.66,C00655
3065,3.6.1.66,C06196
3066,3.6.1.66,C00130
3067,3.6.1.66,C00700
3069,3.6.1.66,C01345
3070,3.6.1.66,C00081
3071,3.7.1.14,C00042
3072,3.7.1.14,C00122
3073,3.7.1.14,C04479
3075,3.7.1.14,C12624
3076,3.7.1.21,C06714
3077,3.7.1.21,C09825
3078,3.7.1.21,C09821
3081,3.8.1.10,C02489
3082,3.8.1.10,C00462
3083,3.8.1.10,C15565
3084,3.8.1.10,C02103
3086,3.8.1.10,C15564
3087,3.8.1.11,C15565
3088,3.8.1.11,C00462
3089,3.8.1.11,C02489
3090,3.8.1.11,C02103
3092,3.8.1.11,C15564
3094,3.13.1.5,C00283
3095,3.13.1.5,C07331
3096,3.13.1.5,C19033
3099,4.1.1.28,C03758
3101,4.1.1.28,C00780
3102,4.1.1.28,C00355
3103,4.1.1.28,C00643
3105,4.1.1.93,C19907
3107,4.1.1.93,C00288
3108,4.1.1.93,C05942
3110,4.1.1.96,C03375
3112,4.1.1.96,C00315
3113,4.1.1.96,C18174
3114,4.1.1.96,C18172
3115,4.1.1.102,C05627
3117,4.1.1.102,C07083
3118,4.1.1.102,C17883
3119,4.1.1.102,C00811
3120,4.1.1.102,C00423
3121,4.1.1.102,C01494
3122,4.1.1.104,C00111
3124,4.1.1.104,C21611
3125,4.1.1.104,C21610
3126,4.1.2.42,C00037
3127,4.1.2.42,C00084
3128,4.1.2.42,C00820
3129,4.1.2.42,C12317
3130,4.1.2.47,C01326
3131,4.1.2.47,C00193
3132,4.1.2.48,C00037
3133,4.1.2.48,C00084
3134,4.1.2.48,C00188
3135,4.1.2.48,C05519
3136,4.1.2.55,C00022
3137,4.1.2.55,C00118
3138,4.1.2.55,C04442
3139,4.1.2.55,C01286
3140,4.1.3.17,C00022
3141,4.1.3.17,C00036
3142,4.1.3.17,C06033
3143,4.1.3.17,C04115
3144,4.1.3.24,C00024
3145,4.1.3.24,C00048
3146,4.1.3.24,C00100
3147,4.1.3.24,C04348
3148,4.1.3.24,C06027
3149,4.1.3.41,C00037
3150,4.1.3.41,C00048
3151,4.1.3.41,C19813
3152,4.1.3.41,C19838
3153,4.1.99.1,C00463
3154,4.1.99.1,C00022
3156,4.1.99.1,C02218
3157,4.1.99.1,C20904
3158,4.1.99.1,C00078
3162,4.1.99.2,C00146
3163,4.1.99.2,C00022
3165,4.1.99.2,C02218
3166,4.1.99.2,C20904
3167,4.1.99.2,C00082
3171,4.2.1.3,C00311
3172,4.2.1.3,C00417
3174,4.2.1.3,C00158
3177,4.2.1.20,C00078
3178,4.2.1.20,C00118
3180,4.2.1.20,C00463
3181,4.2.1.20,C00065
3182,4.2.1.20,C03506
3184,4.2.1.33,C02504
3185,4.2.1.33,C02631
3187,4.2.1.33,C04411
3195,4.2.1.93,C04856
3196,4.2.1.93,C04899
3199,4.2.1.104,C01563
3200,4.2.1.104,C01417
3201,4.2.1.104,C00288
3204,4.2.1.105,C10208
3206,4.2.1.105,C06563
3207,4.2.1.105,C15567
3208,4.2.1.105,C12631
3210,4.2.1.110,C19822
3211,4.2.1.110,C19821
3212,4.2.1.110,C06485
3214,4.2.1.114,C05662
3215,4.2.1.114,C04002
3217,4.2.1.114,C01251
3220,4.2.1.131,C05432
3222,4.2.1.131,C19795
3224,4.2.1.131,C19894
3230,4.2.1.136,C04856
3231,4.2.1.136,C04899
3232,4.2.1.140,C00204
3234,4.2.1.140,C01216
3235,4.2.1.140,C00257
3236,4.2.1.140,C00880
3237,4.2.1.155,C00084
3238,4.2.1.155,C00409
3241,4.2.1.155,C20968
3242,4.2.1.155,C05989
3243,4.2.1.155,C00222
3244,4.2.1.155,C20955
3249,4.2.1.159,C06620
3251,4.2.1.159,C11930
3252,4.2.1.159,C11907
3255,4.2.1.165,C02139
3257,4.2.1.165,C18152
3258,4.2.1.165,C18154
3259,4.2.1.165,C18153
3262,4.2.1.168,C20612
3263,4.2.1.168,C00026
3266,4.2.1.168,C01222
3267,4.2.1.168,C00025
3270,4.2.3.67,C19753
3272,4.2.3.67,C19754
3273,4.2.3.67,C00448
3274,4.2.3.188,C21716
3276,4.2.3.188,C21717
3277,4.2.3.188,C21718
3278,4.2.3.188,C04217
3279,4.2.3.188,C01230
3280,4.2.3.188,C04216
3281,4.3.1.9,C00204
3283,4.3.1.9,C20844
3285,4.3.1.9,C20845
3286,4.3.1.9,C03752
3290,4.3.1.13,C00022
3293,4.3.1.13,C02218
3294,4.3.1.13,C20904
3295,4.3.1.13,C03015
3299,4.3.1.17,C00022
3301,4.3.1.17,C02218
3303,4.3.1.17,C20904
3304,4.3.1.17,C00065
3308,4.3.1.18,C00022
3310,4.3.1.18,C02218
3312,4.3.1.18,C20904
3313,4.3.1.18,C00740
3317,4.3.1.19,C00109
3319,4.3.1.19,C17234
3321,4.3.1.19,C20905
3322,4.3.1.19,C00188
3326,4.3.1.25,C00423
3328,4.3.1.25,C00811
3329,4.3.1.25,C00079
3330,4.3.1.25,C00082
3331,4.3.2.2,C00122
3333,4.3.2.2,C04677
3334,4.3.2.2,C03794
3335,4.3.2.2,C04823
3336,4.3.2.10,C04677
3337,4.3.2.10,C04666
3338,4.3.2.10,C00025
3341,4.3.2.10,C04916
3342,4.3.2.10,C00064
3346,4.3.3.6,C00025
3350,4.3.3.6,C00117
3351,4.3.3.6,C00118
3352,4.3.3.6,C00064
3355,4.4.1.1,C00097
3356,4.4.1.1,C00109
3358,4.4.1.1,C17234
3359,4.4.1.1,C20905
3360,4.4.1.1,C02291
3364,4.4.1.2,C00283
3366,4.4.1.2,C00109
3367,4.4.1.2,C17234
3368,4.4.1.2,C20905
3369,4.4.1.2,C00155
3373,4.4.1.11,C00409
3375,4.4.1.11,C00109
3376,4.4.1.11,C17234
3377,4.4.1.11,C20905
3378,4.4.1.11,C00073
3382,4.4.1.13,C00145
3384,4.4.1.13,C00022
3385,4.4.1.13,C02218
3386,4.4.1.13,C20904
3387,4.4.1.13,C02882
3391,4.4.1.23,C03576
3392,4.4.1.23,C11507
3393,4.4.1.23,C11496
3394,4.4.1.23,C11498
3395,4.4.1.25,C00022
3397,4.4.1.25,C02218
3398,4.4.1.25,C20904
3399,4.4.1.25,C00506
3403,4.4.1.28,C00283
3405,4.4.1.28,C00022
3406,4.4.1.28,C02218
3407,4.4.1.28,C20904
3408,4.4.1.28,C00097
3412,4.4.1.35,C01962
3413,4.4.1.35,C00022
3415,4.4.1.35,C02218
3416,4.4.1.35,C20904
3417,4.4.1.35,C00491
3421,4.4.1.36,C05570
3422,4.4.1.36,C00022
3425,4.4.1.36,C21731
3427,4.4.1.36,C20994
3431,4.4.1.37,C21878
3434,4.4.1.37,C21877
3435,4.4.1.37,C21767
3436,4.4.1.37,C21879
3437,4.4.1.37,C21851
3442,4.5.1.2,C00022
3443,4.5.1.2,C00698
3445,4.5.1.2,C02218
3446,4.5.1.2,C20904
3447,4.5.1.2,C02634
3452,4.6.1.19,C00046
3456,4.99.1.10,C05797
3457,4.99.1.10,C00305
3458,4.99.1.10,C18021
3459,4.99.1.10,C05306
3461,4.99.1.10,C02139
3462,5.1.1.14,C17351
3463,5.1.1.14,C01941
3464,5.1.1.14,C17352
3465,5.1.1.14,C00927
3466,5.1.1.22,C21513
3467,5.1.1.22,C21514
3468,5.1.1.22,C08269
3469,5.1.1.22,C10172
3470,5.1.3.31,C00764
3471,5.1.3.31,C00095
3472,5.1.3.31,C00795
3473,5.1.3.31,C06468
3474,5.1.99.6,C04856
3475,5.1.99.6,C04899
3476,5.1.99.6,C20482
3477,5.1.99.6,C20483
3478,5.3.1.35,C21612
3479,5.3.1.35,C03064
3480,5.3.1.35,C21618
3481,5.3.1.35,C21617
3482,5.3.99.8,C08585
3483,5.3.99.8,C08584
3484,5.3.99.8,C08614
3485,5.3.99.8,C08579
3486,5.4.2.11,C00197
3487,5.4.2.11,C01159
3488,5.4.2.11,C00631
3490,5.4.3.3,C01186
3491,5.4.3.3,C05161
3492,5.4.3.3,C01142
3493,5.4.3.3,C00739
3494,5.5.1.24,C15882
3495,5.5.1.24,C15883
3496,5.5.1.24,C20737
3497,5.5.1.24,C20738
3498,5.5.1.24,C14151
3499,5.5.1.24,C02483
3500,5.5.1.24,C14156
3501,5.5.1.24,C14155
3502,5.5.1.27,C00679
3503,5.5.1.27,C20896
3504,5.5.1.27,C21095
3505,6.1.2.2,C18001
3509,6.1.2.2,C20684
3510,6.1.2.2,C20699
3511,6.1.2.2,C00397
3512,6.1.2.2,C00169
3516,6.1.2.2,C01822
3519,6.2.1.7,C01794
3521,6.2.1.7,C00695
3526,6.2.1.39,C00025
3530,6.2.1.49,C00638
3533,6.2.1.50,C21497
3535,6.2.1.50,C00156
3540,6.2.1.51,C21446
3541,6.2.1.51,C21448
3544,6.2.1.53,C20656
3546,6.2.1.53,C00148
3551,6.2.1.54,C00133
3554,6.2.1.55,C21901
3556,6.2.1.55,C21900
3558,6.3.1.9,C05730
3561,6.3.1.9,C02090
3562,6.3.1.9,C00051
3563,6.3.1.9,C00315
3568,6.3.1.10,C06509
3569,6.3.1.10,C06508
3571,6.3.1.10,C06507
3572,6.3.1.10,C04122
3573,6.3.1.10,C03194
3574,6.3.1.20,C16237
3577,6.3.1.20,C16238
3579,6.3.1.20,C16241
3580,6.3.1.20,C16240
3584,6.3.2.47,C20962
3585,6.3.2.47,C20963
3586,6.3.2.47,C20964
3587,6.3.2.47,C20965
3589,6.3.2.47,C20966
3590,6.3.2.47,C00183
3591,6.3.2.47,C00407
3592,6.3.2.47,C00123
3593,6.3.2.47,C20967
3596,6.3.4.2,C00063
3597,6.3.4.2,C00025
3600,6.3.4.2,C00075
3601,6.3.4.2,C00064
3606,6.3.4.16,C00169
3607,6.3.4.16,C20969
3608,6.3.4.16,C01563
3611,6.3.4.16,C00288
3616,6.3.5.2,C00144
3617,6.3.5.2,C00025
3620,6.3.5.2,C00655
3621,6.3.5.2,C00064
3626,6.3.5.4,C00152
3627,6.3.5.4,C00025
3630,6.3.5.4,C00049
3631,6.3.5.4,C00064
3636,6.3.5.5,C00025
3637,6.3.5.5,C00169
3639,6.3.5.5,C20969
3640,6.3.5.5,C01563
3642,6.3.5.5,C00064
3643,6.3.5.5,C00288
3650,6.3.5.11,C06504
3651,6.3.5.11,C00025
3652,6.3.5.11,C19724
3654,6.3.5.11,C05773
3655,6.3.5.11,C00064
3658,6.5.1.1,C00039
3662,6.5.1.2,C00039
3665,6.5.1.3,C00046
3672,6.5.1.5,C00144
3674,6.5.1.5,C00044
3675,6.5.1.6,C00039
3680,6.5.1.7,C00039
3684,6.5.1.7,C00144
3687,6.5.1.7,C00044
3688,6.5.1.8,C00046
3689,6.5.1.8,C00144
3691,6.5.1.8,C00044
3693,7.1.1.7,C00399
3694,7.1.1.7,C05359
3695,7.1.1.7,C00390
